event_None,event_Unnamed: 0,event_id,application,event_start_timestamp,event_LoanGoal,event_ApplicationType,event_RequestedAmount,event_Action,event_FirstWithdrawalAmount,event_Accepted,event_NumberOfTerms,offer,event_org:resource,event_MonthlyCost,event_EventOrigin,event_EventID,event_Selected,event_CreditScore,event_OfferedAmount,event_CaseID,event_activity,event_timestamp,event_start_timestamp
16738,16738,49382,['Application_669939238'],2016/01/19 11:23:01.560,Car,New credit,20000.0,Created,,,,[],User_26,,Application,Application_669939238,,,,Application_669939238,Create application,2016-01-19 11:23:01.560,2016/01/19 11:23:01.560
16740,16740,49386,['Application_669939238'],2016/01/19 11:31:30.547,Car,New credit,20000.0,statechange,,,,[],User_26,,Application,ApplState_1339055926,,,,Application_669939238,Accept,2016-01-19 11:31:30.547,2016/01/19 11:31:30.547
16741,16741,49388,['Application_669939238'],2016/01/19 11:42:17.806,Car,New credit,20000.0,statechange,15236.59,False,120.0,['Offer_1151818767'],User_26,211.98,Offer,OfferState_667202945,False,0.0,20000.0,Application_669939238,Create offer,2016-01-19 11:42:17.806,2016/01/19 11:42:17.806
16742,16742,49389,[],2016/01/19 11:42:31.234,Car,New credit,20000.0,statechange,15236.59,False,120.0,['Offer_1151818767'],User_26,211.98,Offer,OfferState_1887625037,False,0.0,20000.0,Application_669939238,Send (mail and online),2016-01-19 11:42:31.234,2016/01/19 11:42:31.234
16739,16739,49384,['Application_669939238'],2016/01/19 11:23:01.587,Car,New credit,20000.0,Deleted,,,,[],User_26,,Workflow,Workitem_1045899667,,,,Application_669939238,Complete,2016-01-19 11:42:31.249,2016/01/19 11:42:31.249
16743,16743,49391,['Application_669939238'],2016/01/19 11:42:31.259,Car,New credit,20000.0,Obtained,15236.59,False,120.0,['Offer_1151818767'],User_26,211.98,Workflow,Workitem_1408354735,False,0.0,20000.0,Application_669939238,Call,2016-01-19 11:42:31.259,2016/01/19 11:42:31.259
16744,16744,49397,['Application_669939238'],2016/01/25 14:43:41.527,Car,New credit,20000.0,statechange,18500.0,False,112.0,['Offer_1130434800'],User_27,220.0,Offer,OfferState_2108788357,False,0.0,20000.0,Application_669939238,Create offer,2016-01-25 14:43:41.527,2016/01/25 14:43:41.527
16745,16745,49398,[],2016/01/25 14:43:55.425,Car,New credit,20000.0,statechange,18500.0,False,112.0,['Offer_1130434800'],User_27,220.0,Offer,OfferState_159109742,False,0.0,20000.0,Application_669939238,Send (mail and online),2016-01-25 14:43:55.425,2016/01/25 14:43:55.425
22734,22734,66604,['Application_2037628374'],2016/01/25 17:12:23.289,Remaining debt home,New credit,18000.0,Created,,,,[],User_18,,Application,Application_2037628374,,,,Application_2037628374,Create application,2016-01-25 17:12:23.289,2016/01/25 17:12:23.289
22736,22736,66608,['Application_2037628374'],2016/01/25 17:14:15.186,Remaining debt home,New credit,18000.0,statechange,,,,[],User_18,,Application,ApplState_633788566,,,,Application_2037628374,Accept,2016-01-25 17:14:15.186,2016/01/25 17:14:15.186
22737,22737,66610,['Application_2037628374'],2016/01/25 17:17:07.283,Remaining debt home,New credit,18000.0,statechange,18000.0,True,120.0,['Offer_354631205'],User_18,190.78,Offer,OfferState_1942202522,False,0.0,18000.0,Application_2037628374,Create offer,2016-01-25 17:17:07.283,2016/01/25 17:17:07.283
22738,22738,66611,[],2016/01/25 17:17:18.434,Remaining debt home,New credit,18000.0,statechange,18000.0,True,120.0,['Offer_354631205'],User_18,190.78,Offer,OfferState_639382220,False,0.0,18000.0,Application_2037628374,Send (mail and online),2016-01-25 17:17:18.434,2016/01/25 17:17:18.434
22735,22735,66606,['Application_2037628374'],2016/01/25 17:12:23.299,Remaining debt home,New credit,18000.0,Deleted,,,,[],User_18,,Workflow,Workitem_1846717962,,,,Application_2037628374,Complete,2016-01-25 17:17:18.456,2016/01/25 17:17:18.456
22739,22739,66613,['Application_2037628374'],2016/01/25 17:17:18.472,Remaining debt home,New credit,18000.0,Obtained,18000.0,True,120.0,['Offer_354631205'],User_18,190.78,Workflow,Workitem_1417333067,False,0.0,18000.0,Application_2037628374,Call,2016-01-25 17:17:18.472,2016/01/25 17:17:18.472
16746,16746,49400,['Application_669939238'],2016/01/29 10:35:45.948,Car,New credit,20000.0,statechange,15236.59,False,120.0,['Offer_134844603'],User_85,210.12,Offer,OfferState_290556452,False,0.0,20000.0,Application_669939238,Create offer,2016-01-29 10:35:45.948,2016/01/29 10:35:45.948
16747,16747,49401,[],2016/01/29 10:35:59.168,Car,New credit,20000.0,statechange,15236.59,False,120.0,['Offer_134844603'],User_85,210.12,Offer,OfferState_575433765,False,0.0,20000.0,Application_669939238,Send (mail and online),2016-01-29 10:35:59.168,2016/01/29 10:35:59.168
22740,22740,66617,['Application_2037628374'],2016/01/29 11:03:05.169,Remaining debt home,New credit,18000.0,statechange,18000.0,True,120.0,['Offer_966701358'],User_73,189.1,Offer,OfferState_596779745,False,0.0,18000.0,Application_2037628374,Create offer,2016-01-29 11:03:05.169,2016/01/29 11:03:05.169
22741,22741,66618,[],2016/01/29 11:03:22.380,Remaining debt home,New credit,18000.0,statechange,18000.0,True,120.0,['Offer_966701358'],User_73,189.1,Offer,OfferState_35045815,False,0.0,18000.0,Application_2037628374,Send (mail and online),2016-01-29 11:03:22.380,2016/01/29 11:03:22.380
16749,16749,49406,[],2016/01/29 11:20:03.362,Car,New credit,20000.0,statechange,15236.59,False,120.0,['Offer_1130434800'],User_114,210.12,Offer,OfferState_608043115,False,0.0,20000.0,Application_669939238,Return,2016-01-29 11:20:03.362,2016/01/29 11:20:03.362
16748,16748,49404,['Application_669939238'],2016/01/29 11:19:24.876,Car,New credit,20000.0,Deleted,15236.59,False,120.0,[],User_87,210.12,Workflow,Workitem_291072893,False,0.0,20000.0,Application_669939238,Validate,2016-02-02 15:14:47.407,2016/02/02 15:14:47.407
16750,16750,49412,['Application_669939238'],2016/02/02 15:14:47.415,Car,New credit,20000.0,Obtained,15236.59,False,120.0,[],User_87,210.12,Workflow,Workitem_1124151837,False,0.0,20000.0,Application_669939238,Call incomplete files,2016-02-02 15:14:47.415,2016/02/02 15:14:47.415
16751,16751,49423,['Application_669939238'],2016/02/04 11:36:49.464,Car,New credit,20000.0,Deleted,15236.59,False,120.0,[],User_87,210.12,Workflow,Workitem_797528523,False,0.0,20000.0,Application_669939238,Validate,2016-02-04 12:45:44.964,2016/02/04 12:45:44.964
16752,16752,49430,['Application_669939238'],2016/02/04 12:45:44.978,Car,New credit,20000.0,Obtained,15236.59,False,120.0,[],User_87,210.12,Workflow,Workitem_413474636,False,0.0,20000.0,Application_669939238,Call incomplete files,2016-02-04 12:45:44.978,2016/02/04 12:45:44.978
16753,16753,49435,['Application_669939238'],2016/02/04 13:13:38.598,Car,New credit,20000.0,Deleted,15236.59,False,120.0,[],User_87,210.12,Workflow,Workitem_613424295,False,0.0,20000.0,Application_669939238,Validate,2016-02-04 13:24:23.160,2016/02/04 13:24:23.160
16754,16754,49440,['Application_669939238'],2016/02/04 13:24:23.172,Car,New credit,20000.0,Obtained,15236.59,False,120.0,[],User_87,210.12,Workflow,Workitem_1361301873,False,0.0,20000.0,Application_669939238,Call incomplete files,2016-02-04 13:24:23.172,2016/02/04 13:24:23.172
16755,16755,49445,['Application_669939238'],2016/02/04 16:54:07.776,Car,New credit,20000.0,statechange,0.0,False,57.0,['Offer_128047007'],User_49,200.0,Offer,OfferState_226833562,False,0.0,10000.0,Application_669939238,Create offer,2016-02-04 16:54:07.776,2016/02/04 16:54:07.776
16756,16756,49446,[],2016/02/04 16:54:55.450,Car,New credit,20000.0,statechange,0.0,False,57.0,['Offer_128047007'],User_49,200.0,Offer,OfferState_871659342,False,0.0,10000.0,Application_669939238,Send (online),2016-02-04 16:54:55.450,2016/02/04 16:54:55.450
16758,16758,49456,[],2016/02/15 07:50:22.638,Car,New credit,20000.0,statechange,0.0,False,57.0,['Offer_128047007'],User_87,200.0,Offer,OfferState_1983429685,False,0.0,10000.0,Application_669939238,Return,2016-02-15 07:50:22.638,2016/02/15 07:50:22.638
16757,16757,49452,['Application_669939238'],2016/02/12 17:27:43.483,Car,New credit,20000.0,Deleted,0.0,False,57.0,[],User_87,200.0,Workflow,Workitem_463160949,False,0.0,10000.0,Application_669939238,Validate,2016-02-15 07:54:41.046,2016/02/15 07:54:41.046
16759,16759,49458,['Application_669939238'],2016/02/15 07:54:41.058,Car,New credit,20000.0,Obtained,0.0,False,57.0,[],User_87,200.0,Workflow,Workitem_541294275,False,0.0,10000.0,Application_669939238,Call incomplete files,2016-02-15 07:54:41.058,2016/02/15 07:54:41.058
16761,16761,49470,['Application_669939238'],2016/02/15 14:17:25.033,Car,New credit,20000.0,Obtained,0.0,False,57.0,[],User_87,200.0,Workflow,Workitem_1379559851,False,0.0,10000.0,Application_669939238,Call incomplete files,2016-02-15 14:17:25.033,2016/02/15 14:17:25.033
16762,16762,49496,['Application_669939238'],2016/02/24 12:50:08.422,Car,New credit,20000.0,statechange,0.0,False,57.0,['Offer_1216799577'],User_19,200.0,Offer,OfferState_1084631450,False,0.0,10000.0,Application_669939238,Create offer,2016-02-24 12:50:08.422,2016/02/24 12:50:08.422
16763,16763,49497,[],2016/02/24 12:50:30.165,Car,New credit,20000.0,statechange,0.0,False,57.0,['Offer_1216799577'],User_19,200.0,Offer,OfferState_1400578587,False,0.0,10000.0,Application_669939238,Send (mail and online),2016-02-24 12:50:30.165,2016/02/24 12:50:30.165
22742,22742,66622,['Application_2037628374'],2016/02/24 14:18:03.145,Remaining debt home,New credit,18000.0,statechange,15000.0,True,120.0,['Offer_1305081611'],User_36,157.59,Offer,OfferState_1024239930,False,0.0,15000.0,Application_2037628374,Create offer,2016-02-24 14:18:03.145,2016/02/24 14:18:03.145
22743,22743,66624,['Application_2037628374'],2016/02/24 14:18:19.129,Remaining debt home,New credit,18000.0,statechange,16000.0,True,120.0,['Offer_1596032809'],User_36,168.09,Offer,OfferState_2070599487,False,0.0,16000.0,Application_2037628374,Create offer,2016-02-24 14:18:19.129,2016/02/24 14:18:19.129
22744,22744,66625,[],2016/02/24 14:23:16.840,Remaining debt home,New credit,18000.0,statechange,16000.0,True,120.0,['Offer_1596032809'],User_36,168.09,Offer,OfferState_796746962,False,0.0,16000.0,Application_2037628374,Send (mail and online),2016-02-24 14:23:16.840,2016/02/24 14:23:16.840
22745,22745,66626,[],2016/02/24 14:23:16.851,Remaining debt home,New credit,18000.0,statechange,16000.0,True,120.0,['Offer_1305081611'],User_36,168.09,Offer,OfferState_640986198,False,0.0,16000.0,Application_2037628374,Send (mail and online),2016-02-24 14:23:16.851,2016/02/24 14:23:16.851
16764,16764,49499,['Application_669939238'],2016/02/29 12:18:03.696,Car,New credit,20000.0,statechange,0.0,False,134.0,['Offer_261864017'],User_2,100.0,Offer,OfferState_1041200689,True,636.0,10000.0,Application_669939238,Create offer,2016-02-29 12:18:03.696,2016/02/29 12:18:03.696
16765,16765,49500,[],2016/02/29 12:19:21.618,Car,New credit,20000.0,statechange,0.0,False,134.0,['Offer_261864017'],User_2,100.0,Offer,OfferState_1600244930,True,636.0,10000.0,Application_669939238,Send (mail and online),2016-02-29 12:19:21.618,2016/02/29 12:19:21.618
16766,16766,49503,['Application_669939238'],2016/02/29 13:30:30.501,Car,New credit,20000.0,Obtained,0.0,False,134.0,[],User_117,100.0,Workflow,Workitem_137327235,True,636.0,10000.0,Application_669939238,Validate,2016-02-29 13:30:30.501,2016/02/29 13:30:30.501
16767,16767,49511,[],2016/03/01 09:22:11.699,Car,New credit,20000.0,statechange,0.0,False,134.0,['Offer_261864017'],User_87,100.0,Offer,OfferState_839290786,True,636.0,10000.0,Application_669939238,Return,2016-03-01 09:22:11.699,2016/03/01 09:22:11.699
16768,16768,49514,['Application_669939238'],2016/03/01 10:57:51.758,Car,New credit,20000.0,statechange,0.0,False,134.0,['Offer_261864017'],User_87,100.0,Offer,OfferState_1107387230,True,636.0,10000.0,Application_669939238,Accept offer,2016-03-01 10:57:51.758,2016/03/01 10:57:51.758
16769,16769,49515,['Application_669939238'],2016/03/01 10:57:51.762,Car,New credit,20000.0,statechange,0.0,False,134.0,[],User_87,100.0,Application,ApplState_1941508765,True,636.0,10000.0,Application_669939238,Pending,2016-03-01 10:57:51.762,2016/03/01 10:57:51.762
16760,16760,49465,['Application_669939238'],2016/02/15 09:45:25.685,Car,New credit,20000.0,Deleted,0.0,False,57.0,[],User_87,200.0,Workflow,Workitem_658001318,False,0.0,10000.0,Application_669939238,Validate,2016-03-01 10:57:51.764,2016/03/01 10:57:51.764
16770,16770,49516,['Application_669939238'],2016/03/01 10:57:51.781,Car,New credit,20000.0,statechange,0.0,False,134.0,['Offer_1216799577'],User_87,100.0,Offer,OfferState_1129698133,True,636.0,10000.0,Application_669939238,Cancel offer,2016-03-01 10:57:51.781,2016/03/01 10:57:51.781
16771,16771,49517,['Application_669939238'],2016/03/01 10:57:51.810,Car,New credit,20000.0,statechange,0.0,False,134.0,['Offer_128047007'],User_87,100.0,Offer,OfferState_1310738050,True,636.0,10000.0,Application_669939238,Cancel offer,2016-03-01 10:57:51.810,2016/03/01 10:57:51.810
16772,16772,49518,['Application_669939238'],2016/03/01 10:57:51.847,Car,New credit,20000.0,statechange,0.0,False,134.0,['Offer_134844603'],User_87,100.0,Offer,OfferState_25420860,True,636.0,10000.0,Application_669939238,Cancel offer,2016-03-01 10:57:51.847,2016/03/01 10:57:51.847
16773,16773,49519,['Application_669939238'],2016/03/01 10:57:51.885,Car,New credit,20000.0,statechange,0.0,False,134.0,['Offer_1130434800'],User_87,100.0,Offer,OfferState_248752225,True,636.0,10000.0,Application_669939238,Cancel offer,2016-03-01 10:57:51.885,2016/03/01 10:57:51.885
16774,16774,49520,['Application_669939238'],2016/03/01 10:57:51.897,Car,New credit,20000.0,statechange,0.0,False,134.0,['Offer_1151818767'],User_87,100.0,Offer,OfferState_1903374845,True,636.0,10000.0,Application_669939238,Cancel offer,2016-03-01 10:57:51.897,2016/03/01 10:57:51.897
64518,64518,191960,['Application_1198737809'],2016/03/07 18:59:32.518,Remaining debt home,New credit,10000.0,Created,,,,[],User_1,,Application,Application_1198737809,,,,Application_1198737809,Create application,2016-03-07 18:59:32.518,2016/03/07 18:59:32.518
64519,64519,191961,['Application_1198737809'],2016/03/07 18:59:32.556,Remaining debt home,New credit,10000.0,statechange,,,,[],User_1,,Application,ApplState_1210778087,,,,Application_1198737809,Submit,2016-03-07 18:59:32.556,2016/03/07 18:59:32.556
64521,64521,191967,['Application_1198737809'],2016/03/08 12:18:41.698,Remaining debt home,New credit,10000.0,statechange,,,,[],User_14,,Application,ApplState_918532262,,,,Application_1198737809,Accept,2016-03-08 12:18:41.698,2016/03/08 12:18:41.698
64522,64522,191969,['Application_1198737809'],2016/03/08 12:23:55.112,Remaining debt home,New credit,10000.0,statechange,0.0,False,41.0,['Offer_193211372'],User_14,300.0,Offer,OfferState_199259699,False,0.0,11000.0,Application_1198737809,Create offer,2016-03-08 12:23:55.112,2016/03/08 12:23:55.112
64523,64523,191971,['Application_1198737809'],2016/03/08 12:24:19.192,Remaining debt home,New credit,10000.0,statechange,0.0,False,41.0,['Offer_1002190703'],User_14,295.18,Offer,OfferState_1265339066,False,0.0,11000.0,Application_1198737809,Create offer,2016-03-08 12:24:19.192,2016/03/08 12:24:19.192
64524,64524,191973,['Application_1198737809'],2016/03/08 12:25:10.236,Remaining debt home,New credit,10000.0,statechange,11000.0,True,60.0,['Offer_139707253'],User_14,473.94,Offer,OfferState_1186004891,False,0.0,25300.0,Application_1198737809,Create offer,2016-03-08 12:25:10.236,2016/03/08 12:25:10.236
64525,64525,191975,['Application_1198737809'],2016/03/08 12:25:33.609,Remaining debt home,New credit,10000.0,statechange,0.0,True,60.0,['Offer_1090157749'],User_14,475.0,Offer,OfferState_389787235,False,0.0,25300.0,Application_1198737809,Create offer,2016-03-08 12:25:33.609,2016/03/08 12:25:33.609
64526,64526,191976,[],2016/03/08 12:25:53.262,Remaining debt home,New credit,10000.0,statechange,0.0,True,60.0,['Offer_1090157749'],User_14,475.0,Offer,OfferState_874677473,False,0.0,25300.0,Application_1198737809,Send (mail and online),2016-03-08 12:25:53.262,2016/03/08 12:25:53.262
64527,64527,191977,[],2016/03/08 12:25:53.265,Remaining debt home,New credit,10000.0,statechange,0.0,True,60.0,['Offer_139707253'],User_14,475.0,Offer,OfferState_56401122,False,0.0,25300.0,Application_1198737809,Send (mail and online),2016-03-08 12:25:53.265,2016/03/08 12:25:53.265
64520,64520,191966,['Application_1198737809'],2016/03/08 12:10:09.719,Remaining debt home,New credit,10000.0,Deleted,,,,[],User_14,,Workflow,Workitem_425537307,,,,Application_1198737809,Complete,2016-03-08 12:25:53.288,2016/03/08 12:25:53.288
64528,64528,191979,['Application_1198737809'],2016/03/08 12:25:53.309,Remaining debt home,New credit,10000.0,Obtained,0.0,True,60.0,['Offer_139707253'],User_14,475.0,Workflow,Workitem_1847194960,False,0.0,25300.0,Application_1198737809,Call,2016-03-08 12:25:53.309,2016/03/08 12:25:53.309
64529,64529,191981,[],2016/03/08 12:26:32.818,Remaining debt home,New credit,10000.0,statechange,0.0,True,60.0,['Offer_1002190703'],User_14,475.0,Offer,OfferState_1706056133,False,0.0,25300.0,Application_1198737809,Send (mail and online),2016-03-08 12:26:32.818,2016/03/08 12:26:32.818
64530,64530,191982,[],2016/03/08 12:26:32.827,Remaining debt home,New credit,10000.0,statechange,0.0,True,60.0,['Offer_193211372'],User_14,475.0,Offer,OfferState_1598995288,False,0.0,25300.0,Application_1198737809,Send (mail and online),2016-03-08 12:26:32.827,2016/03/08 12:26:32.827
64531,64531,191985,['Application_1198737809'],2016/03/08 13:12:27.899,Remaining debt home,New credit,10000.0,statechange,0.0,True,36.0,['Offer_1773139401'],User_25,302.21,Offer,OfferState_1786548604,True,848.0,10000.0,Application_1198737809,Create offer,2016-03-08 13:12:27.899,2016/03/08 13:12:27.899
64532,64532,191987,['Application_1198737809'],2016/03/08 13:13:15.535,Remaining debt home,New credit,10000.0,statechange,0.0,False,37.0,['Offer_135158414'],User_25,300.0,Offer,OfferState_315727502,False,0.0,10000.0,Application_1198737809,Create offer,2016-03-08 13:13:15.535,2016/03/08 13:13:15.535
64533,64533,191988,[],2016/03/08 13:15:12.245,Remaining debt home,New credit,10000.0,statechange,0.0,False,37.0,['Offer_135158414'],User_25,300.0,Offer,OfferState_57213255,False,0.0,10000.0,Application_1198737809,Send (mail and online),2016-03-08 13:15:12.245,2016/03/08 13:15:12.245
64534,64534,191989,[],2016/03/08 13:15:12.247,Remaining debt home,New credit,10000.0,statechange,0.0,False,37.0,['Offer_1773139401'],User_25,300.0,Offer,OfferState_130479251,False,0.0,10000.0,Application_1198737809,Send (mail and online),2016-03-08 13:15:12.247,2016/03/08 13:15:12.247
64535,64535,191991,['Application_1198737809'],2016/03/08 13:21:19.720,Remaining debt home,New credit,10000.0,statechange,14300.0,False,58.0,['Offer_353078444'],User_25,470.2,Offer,OfferState_622372563,False,0.0,24300.0,Application_1198737809,Create offer,2016-03-08 13:21:19.720,2016/03/08 13:21:19.720
64536,64536,191993,['Application_1198737809'],2016/03/08 13:22:18.463,Remaining debt home,New credit,10000.0,statechange,0.0,False,58.0,['Offer_2033643830'],User_25,470.0,Offer,OfferState_2035865425,False,0.0,24300.0,Application_1198737809,Create offer,2016-03-08 13:22:18.463,2016/03/08 13:22:18.463
64537,64537,191994,[],2016/03/08 13:22:37.694,Remaining debt home,New credit,10000.0,statechange,0.0,False,58.0,['Offer_2033643830'],User_25,470.0,Offer,OfferState_2067394562,False,0.0,24300.0,Application_1198737809,Send (mail and online),2016-03-08 13:22:37.694,2016/03/08 13:22:37.694
64538,64538,191995,[],2016/03/08 13:22:37.696,Remaining debt home,New credit,10000.0,statechange,0.0,False,58.0,['Offer_353078444'],User_25,470.0,Offer,OfferState_142336309,False,0.0,24300.0,Application_1198737809,Send (mail and online),2016-03-08 13:22:37.696,2016/03/08 13:22:37.696
64539,64539,191996,['Application_1198737809'],2016/03/08 13:22:51.885,Remaining debt home,New credit,10000.0,statechange,0.0,False,58.0,['Offer_1090157749'],User_25,470.0,Offer,OfferState_332099416,False,0.0,24300.0,Application_1198737809,Cancel offer,2016-03-08 13:22:51.885,2016/03/08 13:22:51.885
64540,64540,191997,['Application_1198737809'],2016/03/08 13:22:51.907,Remaining debt home,New credit,10000.0,statechange,0.0,False,58.0,['Offer_139707253'],User_25,470.0,Offer,OfferState_791025416,False,0.0,24300.0,Application_1198737809,Cancel offer,2016-03-08 13:22:51.907,2016/03/08 13:22:51.907
64541,64541,191998,['Application_1198737809'],2016/03/08 13:22:51.920,Remaining debt home,New credit,10000.0,statechange,0.0,False,58.0,['Offer_1002190703'],User_25,470.0,Offer,OfferState_1176180695,False,0.0,24300.0,Application_1198737809,Cancel offer,2016-03-08 13:22:51.920,2016/03/08 13:22:51.920
64542,64542,191999,['Application_1198737809'],2016/03/08 13:22:51.938,Remaining debt home,New credit,10000.0,statechange,0.0,False,58.0,['Offer_193211372'],User_25,470.0,Offer,OfferState_2025163097,False,0.0,24300.0,Application_1198737809,Cancel offer,2016-03-08 13:22:51.938,2016/03/08 13:22:51.938
64543,64543,192004,['Application_1198737809'],2016/03/09 15:28:29.748,Remaining debt home,New credit,10000.0,Obtained,0.0,False,58.0,[],User_117,470.0,Workflow,Workitem_1273997284,False,0.0,24300.0,Application_1198737809,Validate,2016-03-09 15:28:29.748,2016/03/09 15:28:29.748
64544,64544,192006,[],2016/03/09 15:28:54.539,Remaining debt home,New credit,10000.0,statechange,0.0,False,58.0,['Offer_1773139401'],User_117,470.0,Offer,OfferState_1285085599,False,0.0,24300.0,Application_1198737809,Return,2016-03-09 15:28:54.539,2016/03/09 15:28:54.539
64545,64545,192012,['Application_1198737809'],2016/03/10 13:17:15.949,Remaining debt home,New credit,10000.0,Obtained,0.0,False,58.0,[],User_29,470.0,Workflow,Workitem_1510444557,False,0.0,24300.0,Application_1198737809,Call incomplete files,2016-03-10 13:17:15.949,2016/03/10 13:17:15.949
64546,64546,192017,['Application_1198737809'],2016/03/10 14:27:07.784,Remaining debt home,New credit,10000.0,Obtained,0.0,False,58.0,[],User_5,470.0,Workflow,Workitem_663404832,False,0.0,24300.0,Application_1198737809,Validate,2016-03-10 14:27:07.784,2016/03/10 14:27:07.784
64547,64547,192022,['Application_1198737809'],2016/03/10 14:35:36.365,Remaining debt home,New credit,10000.0,Obtained,0.0,False,58.0,[],User_29,470.0,Workflow,Workitem_200572652,False,0.0,24300.0,Application_1198737809,Call incomplete files,2016-03-10 14:35:36.365,2016/03/10 14:35:36.365
64548,64548,192029,['Application_1198737809'],2016/03/11 14:43:45.819,Remaining debt home,New credit,10000.0,Obtained,0.0,False,58.0,[],User_114,470.0,Workflow,Workitem_2129788895,False,0.0,24300.0,Application_1198737809,Validate,2016-03-11 14:43:45.819,2016/03/11 14:43:45.819
64549,64549,192036,['Application_1198737809'],2016/03/11 15:56:40.387,Remaining debt home,New credit,10000.0,Obtained,0.0,False,58.0,[],User_29,470.0,Workflow,Workitem_1355379752,False,0.0,24300.0,Application_1198737809,Call incomplete files,2016-03-11 15:56:40.387,2016/03/11 15:56:40.387
64550,64550,192053,['Application_1198737809'],2016/03/14 12:15:26.266,Remaining debt home,New credit,10000.0,Obtained,0.0,False,58.0,[],User_112,470.0,Workflow,Workitem_801506841,False,0.0,24300.0,Application_1198737809,Validate,2016-03-14 12:15:26.266,2016/03/14 12:15:26.266
64551,64551,192056,['Application_1198737809'],2016/03/14 13:14:19.617,Remaining debt home,New credit,10000.0,statechange,0.0,False,58.0,['Offer_1773139401'],User_29,470.0,Offer,OfferState_705135250,False,0.0,24300.0,Application_1198737809,Accept offer,2016-03-14 13:14:19.617,2016/03/14 13:14:19.617
64552,64552,192057,['Application_1198737809'],2016/03/14 13:14:19.623,Remaining debt home,New credit,10000.0,statechange,0.0,False,58.0,[],User_29,470.0,Application,ApplState_1913950069,False,0.0,24300.0,Application_1198737809,Pending,2016-03-14 13:14:19.623,2016/03/14 13:14:19.623
64553,64553,192059,['Application_1198737809'],2016/03/14 13:14:19.639,Remaining debt home,New credit,10000.0,statechange,0.0,False,58.0,['Offer_2033643830'],User_29,470.0,Offer,OfferState_18578281,False,0.0,24300.0,Application_1198737809,Cancel offer,2016-03-14 13:14:19.639,2016/03/14 13:14:19.639
64554,64554,192060,['Application_1198737809'],2016/03/14 13:14:19.651,Remaining debt home,New credit,10000.0,statechange,0.0,False,58.0,['Offer_353078444'],User_29,470.0,Offer,OfferState_415043273,False,0.0,24300.0,Application_1198737809,Cancel offer,2016-03-14 13:14:19.651,2016/03/14 13:14:19.651
64555,64555,192061,['Application_1198737809'],2016/03/14 13:14:19.660,Remaining debt home,New credit,10000.0,statechange,0.0,False,58.0,['Offer_135158414'],User_29,470.0,Offer,OfferState_225774672,False,0.0,24300.0,Application_1198737809,Cancel offer,2016-03-14 13:14:19.660,2016/03/14 13:14:19.660
22746,22746,66628,['Application_2037628374'],2016/03/21 12:44:43.610,Remaining debt home,New credit,18000.0,statechange,16000.0,True,120.0,['Offer_1158976722'],User_26,168.09,Offer,OfferState_1425323264,False,0.0,16000.0,Application_2037628374,Create offer,2016-03-21 12:44:43.610,2016/03/21 12:44:43.610
22747,22747,66629,[],2016/03/21 12:45:13.646,Remaining debt home,New credit,18000.0,statechange,16000.0,True,120.0,['Offer_1158976722'],User_26,168.09,Offer,OfferState_671429843,False,0.0,16000.0,Application_2037628374,Send (online),2016-03-21 12:45:13.646,2016/03/21 12:45:13.646
22749,22749,66634,[],2016/03/23 11:22:17.975,Remaining debt home,New credit,18000.0,statechange,16000.0,True,120.0,['Offer_1596032809'],User_118,168.09,Offer,OfferState_766912866,False,0.0,16000.0,Application_2037628374,Return,2016-03-23 11:22:17.975,2016/03/23 11:22:17.975
22748,22748,66632,['Application_2037628374'],2016/03/23 11:21:40.359,Remaining debt home,New credit,18000.0,Deleted,16000.0,True,120.0,[],User_95,168.09,Workflow,Workitem_877176740,False,0.0,16000.0,Application_2037628374,Validate,2016-03-24 09:42:11.087,2016/03/24 09:42:11.087
22750,22750,66642,['Application_2037628374'],2016/03/24 09:42:11.131,Remaining debt home,New credit,18000.0,Obtained,16000.0,True,120.0,[],User_95,168.09,Workflow,Workitem_1689932825,False,0.0,16000.0,Application_2037628374,Call incomplete files,2016-03-24 09:42:11.131,2016/03/24 09:42:11.131
22751,22751,66649,['Application_2037628374'],2016/03/25 10:17:20.715,Remaining debt home,New credit,18000.0,Deleted,16000.0,True,120.0,[],User_99,168.09,Workflow,Workitem_788730151,False,0.0,16000.0,Application_2037628374,Validate,2016-03-28 13:09:58.617,2016/03/28 13:09:58.617
22752,22752,66654,['Application_2037628374'],2016/03/28 13:09:58.628,Remaining debt home,New credit,18000.0,Obtained,16000.0,True,120.0,[],User_99,168.09,Workflow,Workitem_1421549920,False,0.0,16000.0,Application_2037628374,Call incomplete files,2016-03-28 13:09:58.628,2016/03/28 13:09:58.628
102131,102131,304274,['Application_1952344243'],2016/04/17 19:32:36.433,Home improvement,New credit,10000.0,Created,,,,[],User_1,,Application,Application_1952344243,,,,Application_1952344243,Create application,2016-04-17 19:32:36.433,2016/04/17 19:32:36.433
102132,102132,304275,['Application_1952344243'],2016/04/17 19:32:36.520,Home improvement,New credit,10000.0,statechange,,,,[],User_1,,Application,ApplState_1226829264,,,,Application_1952344243,Submit,2016-04-17 19:32:36.520,2016/04/17 19:32:36.520
102134,102134,304285,['Application_1952344243'],2016/04/19 17:45:22.565,Home improvement,New credit,10000.0,statechange,,,,[],User_49,,Application,ApplState_45453735,,,,Application_1952344243,Accept,2016-04-19 17:45:22.565,2016/04/19 17:45:22.565
102135,102135,304287,['Application_1952344243'],2016/04/19 17:50:05.242,Home improvement,New credit,10000.0,statechange,0.0,False,80.0,['Offer_389997091'],User_49,150.0,Offer,OfferState_320076728,False,0.0,10000.0,Application_1952344243,Create offer,2016-04-19 17:50:05.242,2016/04/19 17:50:05.242
102136,102136,304289,['Application_1952344243'],2016/04/19 17:50:44.807,Home improvement,New credit,10000.0,statechange,10000.0,False,80.0,['Offer_621681129'],User_49,149.86,Offer,OfferState_1895555429,False,0.0,10000.0,Application_1952344243,Create offer,2016-04-19 17:50:44.807,2016/04/19 17:50:44.807
102137,102137,304291,['Application_1952344243'],2016/04/19 17:51:20.346,Home improvement,New credit,10000.0,statechange,0.0,False,57.0,['Offer_769048289'],User_49,200.0,Offer,OfferState_1393388614,False,0.0,10000.0,Application_1952344243,Create offer,2016-04-19 17:51:20.346,2016/04/19 17:51:20.346
102138,102138,304293,['Application_1952344243'],2016/04/19 17:51:48.566,Home improvement,New credit,10000.0,statechange,10000.0,False,57.0,['Offer_251023976'],User_49,200.01,Offer,OfferState_1179205040,False,0.0,10000.0,Application_1952344243,Create offer,2016-04-19 17:51:48.566,2016/04/19 17:51:48.566
102139,102139,304294,[],2016/04/19 17:52:12.769,Home improvement,New credit,10000.0,statechange,10000.0,False,57.0,['Offer_251023976'],User_49,200.01,Offer,OfferState_456016482,False,0.0,10000.0,Application_1952344243,Send (mail and online),2016-04-19 17:52:12.769,2016/04/19 17:52:12.769
102140,102140,304295,[],2016/04/19 17:52:12.773,Home improvement,New credit,10000.0,statechange,10000.0,False,57.0,['Offer_769048289'],User_49,200.01,Offer,OfferState_780506800,False,0.0,10000.0,Application_1952344243,Send (mail and online),2016-04-19 17:52:12.773,2016/04/19 17:52:12.773
102141,102141,304296,[],2016/04/19 17:52:12.779,Home improvement,New credit,10000.0,statechange,10000.0,False,57.0,['Offer_621681129'],User_49,200.01,Offer,OfferState_818623299,False,0.0,10000.0,Application_1952344243,Send (mail and online),2016-04-19 17:52:12.779,2016/04/19 17:52:12.779
102142,102142,304297,[],2016/04/19 17:52:12.787,Home improvement,New credit,10000.0,statechange,10000.0,False,57.0,['Offer_389997091'],User_49,200.01,Offer,OfferState_860115253,False,0.0,10000.0,Application_1952344243,Send (mail and online),2016-04-19 17:52:12.787,2016/04/19 17:52:12.787
102133,102133,304280,['Application_1952344243'],2016/04/18 11:53:01.477,Home improvement,New credit,10000.0,Deleted,,,,[],User_49,,Workflow,Workitem_1447676041,,,,Application_1952344243,Complete,2016-04-19 17:52:12.818,2016/04/19 17:52:12.818
102143,102143,304299,['Application_1952344243'],2016/04/19 17:52:12.842,Home improvement,New credit,10000.0,Obtained,10000.0,False,57.0,['Offer_389997091'],User_49,200.01,Workflow,Workitem_1963273405,False,0.0,10000.0,Application_1952344243,Call,2016-04-19 17:52:12.842,2016/04/19 17:52:12.842
102144,102144,304305,['Application_1952344243'],2016/04/26 18:37:34.926,Home improvement,New credit,10000.0,statechange,12000.0,False,70.0,['Offer_226484446'],User_10,201.1,Offer,OfferState_1177408449,False,0.0,12000.0,Application_1952344243,Create offer,2016-04-26 18:37:34.926,2016/04/26 18:37:34.926
102145,102145,304307,['Application_1952344243'],2016/04/26 18:37:54.909,Home improvement,New credit,10000.0,statechange,12000.0,False,100.0,['Offer_1832748077'],User_10,150.19,Offer,OfferState_1535437969,False,0.0,12000.0,Application_1952344243,Create offer,2016-04-26 18:37:54.909,2016/04/26 18:37:54.909
102146,102146,304308,[],2016/04/26 18:38:09.212,Home improvement,New credit,10000.0,statechange,12000.0,False,100.0,['Offer_1832748077'],User_10,150.19,Offer,OfferState_1607310757,False,0.0,12000.0,Application_1952344243,Send (mail and online),2016-04-26 18:38:09.212,2016/04/26 18:38:09.212
102147,102147,304309,[],2016/04/26 18:38:09.214,Home improvement,New credit,10000.0,statechange,12000.0,False,100.0,['Offer_226484446'],User_10,150.19,Offer,OfferState_1965332149,False,0.0,12000.0,Application_1952344243,Send (mail and online),2016-04-26 18:38:09.214,2016/04/26 18:38:09.214
116860,116860,349220,['Application_1875888758'],2016/05/03 14:38:29.554,Existing loan takeover,New credit,15000.0,Created,,,,[],User_4,,Application,Application_1875888758,,,,Application_1875888758,Create application,2016-05-03 14:38:29.554,2016/05/03 14:38:29.554
116862,116862,349224,['Application_1875888758'],2016/05/03 14:57:21.506,Existing loan takeover,New credit,15000.0,statechange,,,,[],User_4,,Application,ApplState_362710439,,,,Application_1875888758,Accept,2016-05-03 14:57:21.506,2016/05/03 14:57:21.506
116863,116863,349226,['Application_1875888758'],2016/05/03 15:00:23.590,Existing loan takeover,New credit,15000.0,statechange,1000.0,True,60.0,['Offer_1265793102'],User_4,281.65,Offer,OfferState_772093433,False,0.0,15000.0,Application_1875888758,Create offer,2016-05-03 15:00:23.590,2016/05/03 15:00:23.590
116864,116864,349228,['Application_1875888758'],2016/05/03 15:02:10.255,Existing loan takeover,New credit,15000.0,statechange,0.0,False,94.0,['Offer_1487443645'],User_4,191.72,Offer,OfferState_870370642,False,0.0,15000.0,Application_1875888758,Create offer,2016-05-03 15:02:10.255,2016/05/03 15:02:10.255
116865,116865,349229,['Application_1875888758'],2016/05/03 15:02:18.718,Existing loan takeover,New credit,15000.0,statechange,0.0,False,94.0,['Offer_1265793102'],User_4,191.72,Offer,OfferState_633533907,False,0.0,15000.0,Application_1875888758,Cancel offer,2016-05-03 15:02:18.718,2016/05/03 15:02:18.718
116866,116866,349230,[],2016/05/03 15:02:44.439,Existing loan takeover,New credit,15000.0,statechange,0.0,False,94.0,['Offer_1487443645'],User_4,191.72,Offer,OfferState_120704724,False,0.0,15000.0,Application_1875888758,Send (mail and online),2016-05-03 15:02:44.439,2016/05/03 15:02:44.439
116861,116861,349222,['Application_1875888758'],2016/05/03 14:38:29.572,Existing loan takeover,New credit,15000.0,Deleted,,,,[],User_4,,Workflow,Workitem_1747233452,,,,Application_1875888758,Complete,2016-05-03 15:02:44.476,2016/05/03 15:02:44.476
116867,116867,349232,['Application_1875888758'],2016/05/03 15:02:44.491,Existing loan takeover,New credit,15000.0,Obtained,0.0,False,94.0,['Offer_1487443645'],User_4,191.72,Workflow,Workitem_1916674800,False,0.0,15000.0,Application_1875888758,Call,2016-05-03 15:02:44.491,2016/05/03 15:02:44.491
102148,102148,304312,['Application_1952344243'],2016/05/06 13:33:15.910,Home improvement,New credit,10000.0,Obtained,12000.0,False,100.0,[],User_119,150.19,Workflow,Workitem_2082381181,False,0.0,12000.0,Application_1952344243,Validate,2016-05-06 13:33:15.910,2016/05/06 13:33:15.910
102149,102149,304314,[],2016/05/06 13:33:48.929,Home improvement,New credit,10000.0,statechange,12000.0,False,100.0,['Offer_1832748077'],User_119,150.19,Offer,OfferState_1531204923,False,0.0,12000.0,Application_1952344243,Return,2016-05-06 13:33:48.929,2016/05/06 13:33:48.929
102150,102150,304318,['Application_1952344243'],2016/05/09 12:21:27.364,Home improvement,New credit,10000.0,Obtained,12000.0,False,100.0,[],User_100,150.19,Workflow,Workitem_520480452,False,0.0,12000.0,Application_1952344243,Call incomplete files,2016-05-09 12:21:27.364,2016/05/09 12:21:27.364
102151,102151,304329,['Application_1952344243'],2016/05/10 16:14:32.611,Home improvement,New credit,10000.0,Obtained,12000.0,False,100.0,[],User_112,150.19,Workflow,Workitem_1964462416,False,0.0,12000.0,Application_1952344243,Validate,2016-05-10 16:14:32.611,2016/05/10 16:14:32.611
102152,102152,304334,['Application_1952344243'],2016/05/11 14:26:45.113,Home improvement,New credit,10000.0,Obtained,12000.0,False,100.0,[],User_100,150.19,Workflow,Workitem_1328954697,False,0.0,12000.0,Application_1952344243,Call incomplete files,2016-05-11 14:26:45.113,2016/05/11 14:26:45.113
102153,102153,304340,['Application_1952344243'],2016/05/11 15:52:28.612,Home improvement,New credit,10000.0,statechange,6800.0,True,52.0,['Offer_1990187123'],User_32,149.82,Offer,OfferState_468853732,True,947.0,6800.0,Application_1952344243,Create offer,2016-05-11 15:52:28.612,2016/05/11 15:52:28.612
102154,102154,304342,['Application_1952344243'],2016/05/11 15:52:56.694,Home improvement,New credit,10000.0,statechange,6800.0,True,36.0,['Offer_1295024779'],User_32,207.84,Offer,OfferState_650170377,False,0.0,6800.0,Application_1952344243,Create offer,2016-05-11 15:52:56.694,2016/05/11 15:52:56.694
102155,102155,304343,[],2016/05/11 15:53:14.730,Home improvement,New credit,10000.0,statechange,6800.0,True,36.0,['Offer_1295024779'],User_32,207.84,Offer,OfferState_314262427,False,0.0,6800.0,Application_1952344243,Send (mail and online),2016-05-11 15:53:14.730,2016/05/11 15:53:14.730
102156,102156,304344,[],2016/05/11 15:53:14.733,Home improvement,New credit,10000.0,statechange,6800.0,True,36.0,['Offer_1990187123'],User_32,207.84,Offer,OfferState_1732645,False,0.0,6800.0,Application_1952344243,Send (mail and online),2016-05-11 15:53:14.733,2016/05/11 15:53:14.733
22753,22753,66689,['Application_2037628374'],2016/05/13 14:10:31.240,Remaining debt home,New credit,18000.0,Deleted,16000.0,True,120.0,[],User_99,168.09,Workflow,Workitem_825433028,False,0.0,16000.0,Application_2037628374,Validate,2016-05-17 11:39:01.499,2016/05/17 11:39:01.499
22754,22754,66694,['Application_2037628374'],2016/05/17 11:39:01.508,Remaining debt home,New credit,18000.0,Obtained,16000.0,True,120.0,[],User_99,168.09,Workflow,Workitem_1103781390,False,0.0,16000.0,Application_2037628374,Call incomplete files,2016-05-17 11:39:01.508,2016/05/17 11:39:01.508
102157,102157,304353,['Application_1952344243'],2016/05/19 10:01:24.658,Home improvement,New credit,10000.0,Obtained,6800.0,True,36.0,[],User_112,207.84,Workflow,Workitem_1918390681,False,0.0,6800.0,Application_1952344243,Validate,2016-05-19 10:01:24.658,2016/05/19 10:01:24.658
22755,22755,66720,['Application_2037628374'],2016/05/19 16:00:00.360,Remaining debt home,New credit,18000.0,Obtained,16000.0,True,120.0,[],User_74,168.09,Workflow,Workitem_1497238716,False,0.0,16000.0,Application_2037628374,Call incomplete files,2016-05-19 16:00:00.360,2016/05/19 16:00:00.360
102158,102158,304356,[],2016/05/20 10:11:41.821,Home improvement,New credit,10000.0,statechange,6800.0,True,36.0,['Offer_1990187123'],User_124,207.84,Offer,OfferState_402805091,False,0.0,6800.0,Application_1952344243,Return,2016-05-20 10:11:41.821,2016/05/20 10:11:41.821
102159,102159,304361,['Application_1952344243'],2016/05/20 14:52:24.142,Home improvement,New credit,10000.0,Obtained,6800.0,True,36.0,[],User_95,207.84,Workflow,Workitem_150443772,False,0.0,6800.0,Application_1952344243,Call incomplete files,2016-05-20 14:52:24.142,2016/05/20 14:52:24.142
102160,102160,304366,['Application_1952344243'],2016/05/23 10:21:15.222,Home improvement,New credit,10000.0,statechange,6800.0,True,36.0,['Offer_1990187123'],User_119,207.84,Offer,OfferState_1626010274,False,0.0,6800.0,Application_1952344243,Accept offer,2016-05-23 10:21:15.222,2016/05/23 10:21:15.222
102161,102161,304367,['Application_1952344243'],2016/05/23 10:21:15.226,Home improvement,New credit,10000.0,statechange,6800.0,True,36.0,[],User_119,207.84,Application,ApplState_2009777275,False,0.0,6800.0,Application_1952344243,Pending,2016-05-23 10:21:15.226,2016/05/23 10:21:15.226
102162,102162,304369,['Application_1952344243'],2016/05/23 10:21:15.239,Home improvement,New credit,10000.0,statechange,6800.0,True,36.0,['Offer_1295024779'],User_119,207.84,Offer,OfferState_1215718506,False,0.0,6800.0,Application_1952344243,Cancel offer,2016-05-23 10:21:15.239,2016/05/23 10:21:15.239
102163,102163,304370,['Application_1952344243'],2016/05/23 10:21:15.248,Home improvement,New credit,10000.0,statechange,6800.0,True,36.0,['Offer_1832748077'],User_119,207.84,Offer,OfferState_2037267690,False,0.0,6800.0,Application_1952344243,Cancel offer,2016-05-23 10:21:15.248,2016/05/23 10:21:15.248
102164,102164,304371,['Application_1952344243'],2016/05/23 10:21:15.257,Home improvement,New credit,10000.0,statechange,6800.0,True,36.0,['Offer_226484446'],User_119,207.84,Offer,OfferState_1334507570,False,0.0,6800.0,Application_1952344243,Cancel offer,2016-05-23 10:21:15.257,2016/05/23 10:21:15.257
102165,102165,304372,['Application_1952344243'],2016/05/23 10:21:15.266,Home improvement,New credit,10000.0,statechange,6800.0,True,36.0,['Offer_251023976'],User_119,207.84,Offer,OfferState_1658844168,False,0.0,6800.0,Application_1952344243,Cancel offer,2016-05-23 10:21:15.266,2016/05/23 10:21:15.266
102166,102166,304373,['Application_1952344243'],2016/05/23 10:21:15.275,Home improvement,New credit,10000.0,statechange,6800.0,True,36.0,['Offer_769048289'],User_119,207.84,Offer,OfferState_1763978512,False,0.0,6800.0,Application_1952344243,Cancel offer,2016-05-23 10:21:15.275,2016/05/23 10:21:15.275
102167,102167,304374,['Application_1952344243'],2016/05/23 10:21:15.294,Home improvement,New credit,10000.0,statechange,6800.0,True,36.0,['Offer_621681129'],User_119,207.84,Offer,OfferState_2088320782,False,0.0,6800.0,Application_1952344243,Cancel offer,2016-05-23 10:21:15.294,2016/05/23 10:21:15.294
102168,102168,304375,['Application_1952344243'],2016/05/23 10:21:15.303,Home improvement,New credit,10000.0,statechange,6800.0,True,36.0,['Offer_389997091'],User_119,207.84,Offer,OfferState_204584007,False,0.0,6800.0,Application_1952344243,Cancel offer,2016-05-23 10:21:15.303,2016/05/23 10:21:15.303
116868,116868,349238,['Application_1875888758'],2016/05/28 14:12:23.241,Existing loan takeover,New credit,15000.0,statechange,1000.0,True,49.0,['Offer_1284905995'],User_5,334.42,Offer,OfferState_1059923870,False,0.0,15000.0,Application_1875888758,Create offer,2016-05-28 14:12:23.241,2016/05/28 14:12:23.241
116869,116869,349239,['Application_1875888758'],2016/05/28 14:12:30.579,Existing loan takeover,New credit,15000.0,statechange,1000.0,True,49.0,['Offer_1284905995'],User_5,334.42,Offer,OfferState_1648445562,False,0.0,15000.0,Application_1875888758,Cancel offer,2016-05-28 14:12:30.579,2016/05/28 14:12:30.579
116870,116870,349241,['Application_1875888758'],2016/05/28 14:12:45.169,Existing loan takeover,New credit,15000.0,statechange,0.0,False,94.0,['Offer_339223029'],User_5,188.33,Offer,OfferState_1863231074,False,0.0,15000.0,Application_1875888758,Create offer,2016-05-28 14:12:45.169,2016/05/28 14:12:45.169
116871,116871,349242,[],2016/05/28 14:12:56.526,Existing loan takeover,New credit,15000.0,statechange,0.0,False,94.0,['Offer_339223029'],User_5,188.33,Offer,OfferState_127635035,False,0.0,15000.0,Application_1875888758,Send (mail and online),2016-05-28 14:12:56.526,2016/05/28 14:12:56.526
22756,22756,66727,['Application_2037628374'],2016/05/28 17:12:13.428,Remaining debt home,New credit,18000.0,statechange,16000.0,True,120.0,['Offer_1782887860'],User_71,164.39,Offer,OfferState_1889386166,False,0.0,16000.0,Application_2037628374,Create offer,2016-05-28 17:12:13.428,2016/05/28 17:12:13.428
22757,22757,66728,[],2016/05/28 17:12:25.920,Remaining debt home,New credit,18000.0,statechange,16000.0,True,120.0,['Offer_1782887860'],User_71,164.39,Offer,OfferState_773545917,False,0.0,16000.0,Application_2037628374,Send (mail and online),2016-05-28 17:12:25.920,2016/05/28 17:12:25.920
22758,22758,66730,['Application_2037628374'],2016/05/30 13:53:37.518,Remaining debt home,New credit,18000.0,statechange,15000.0,True,120.0,['Offer_737843554'],User_39,154.11,Offer,OfferState_96499391,True,853.0,15000.0,Application_2037628374,Create offer,2016-05-30 13:53:37.518,2016/05/30 13:53:37.518
22759,22759,66731,[],2016/05/30 13:54:09.192,Remaining debt home,New credit,18000.0,statechange,15000.0,True,120.0,['Offer_737843554'],User_39,154.11,Offer,OfferState_733338730,True,853.0,15000.0,Application_2037628374,Send (mail and online),2016-05-30 13:54:09.192,2016/05/30 13:54:09.192
22760,22760,66732,[],2016/05/31 10:46:15.940,Remaining debt home,New credit,18000.0,statechange,15000.0,True,120.0,['Offer_737843554'],User_118,154.11,Offer,OfferState_1885268,True,853.0,15000.0,Application_2037628374,Return,2016-05-31 10:46:15.940,2016/05/31 10:46:15.940
22761,22761,66735,['Application_2037628374'],2016/05/31 10:47:00.805,Remaining debt home,New credit,18000.0,Deleted,15000.0,True,120.0,[],User_99,154.11,Workflow,Workitem_27086712,True,853.0,15000.0,Application_2037628374,Validate,2016-05-31 11:13:21.318,2016/05/31 11:13:21.318
22762,22762,66740,['Application_2037628374'],2016/05/31 11:13:21.326,Remaining debt home,New credit,18000.0,Obtained,15000.0,True,120.0,[],User_99,154.11,Workflow,Workitem_338389841,True,853.0,15000.0,Application_2037628374,Call incomplete files,2016-05-31 11:13:21.326,2016/05/31 11:13:21.326
22763,22763,66765,['Application_2037628374'],2016/06/06 18:48:48.593,Remaining debt home,New credit,18000.0,Obtained,15000.0,True,120.0,[],User_5,154.11,Workflow,Workitem_869578507,True,853.0,15000.0,Application_2037628374,Validate,2016-06-06 18:48:48.593,2016/06/06 18:48:48.593
22764,22764,66770,['Application_2037628374'],2016/06/07 10:35:37.264,Remaining debt home,New credit,18000.0,statechange,15000.0,True,120.0,['Offer_737843554'],User_118,154.11,Offer,OfferState_480972004,True,853.0,15000.0,Application_2037628374,Accept offer,2016-06-07 10:35:37.264,2016/06/07 10:35:37.264
22765,22765,66771,['Application_2037628374'],2016/06/07 10:35:37.271,Remaining debt home,New credit,18000.0,statechange,15000.0,True,120.0,[],User_118,154.11,Application,ApplState_658428170,True,853.0,15000.0,Application_2037628374,Pending,2016-06-07 10:35:37.271,2016/06/07 10:35:37.271
22766,22766,66773,['Application_2037628374'],2016/06/07 10:35:37.291,Remaining debt home,New credit,18000.0,statechange,15000.0,True,120.0,['Offer_1782887860'],User_118,154.11,Offer,OfferState_1747044625,True,853.0,15000.0,Application_2037628374,Cancel offer,2016-06-07 10:35:37.291,2016/06/07 10:35:37.291
22767,22767,66774,['Application_2037628374'],2016/06/07 10:35:37.303,Remaining debt home,New credit,18000.0,statechange,15000.0,True,120.0,['Offer_1158976722'],User_118,154.11,Offer,OfferState_2104946863,True,853.0,15000.0,Application_2037628374,Cancel offer,2016-06-07 10:35:37.303,2016/06/07 10:35:37.303
22768,22768,66775,['Application_2037628374'],2016/06/07 10:35:37.314,Remaining debt home,New credit,18000.0,statechange,15000.0,True,120.0,['Offer_1596032809'],User_118,154.11,Offer,OfferState_1671093436,True,853.0,15000.0,Application_2037628374,Cancel offer,2016-06-07 10:35:37.314,2016/06/07 10:35:37.314
22769,22769,66776,['Application_2037628374'],2016/06/07 10:35:37.327,Remaining debt home,New credit,18000.0,statechange,15000.0,True,120.0,['Offer_1305081611'],User_118,154.11,Offer,OfferState_816623561,True,853.0,15000.0,Application_2037628374,Cancel offer,2016-06-07 10:35:37.327,2016/06/07 10:35:37.327
22770,22770,66777,['Application_2037628374'],2016/06/07 10:35:37.596,Remaining debt home,New credit,18000.0,statechange,15000.0,True,120.0,['Offer_966701358'],User_118,154.11,Offer,OfferState_475329857,True,853.0,15000.0,Application_2037628374,Cancel offer,2016-06-07 10:35:37.596,2016/06/07 10:35:37.596
22771,22771,66778,['Application_2037628374'],2016/06/07 10:35:37.609,Remaining debt home,New credit,18000.0,statechange,15000.0,True,120.0,['Offer_354631205'],User_118,154.11,Offer,OfferState_826409251,True,853.0,15000.0,Application_2037628374,Cancel offer,2016-06-07 10:35:37.609,2016/06/07 10:35:37.609
153307,153307,459343,['Application_287203067'],2016/06/10 14:56:41.390,Existing loan takeover,New credit,75000.0,Created,,,,[],User_1,,Application,Application_287203067,,,,Application_287203067,Create application,2016-06-10 14:56:41.390,2016/06/10 14:56:41.390
153308,153308,459344,['Application_287203067'],2016/06/10 14:56:41.518,Existing loan takeover,New credit,75000.0,statechange,,,,[],User_1,,Application,ApplState_814983968,,,,Application_287203067,Submit,2016-06-10 14:56:41.518,2016/06/10 14:56:41.518
153309,153309,459348,['Application_287203067'],2016/06/10 15:00:01.570,Existing loan takeover,New credit,75000.0,Obtained,,,,[],User_23,,Workflow,Workitem_882074823,,,,Application_287203067,Complete,2016-06-10 15:00:01.570,2016/06/10 15:00:01.570
153310,153310,459361,['Application_287203067'],2016/06/14 12:03:41.408,Existing loan takeover,New credit,75000.0,statechange,,,,[],User_8,,Application,ApplState_1649239557,,,,Application_287203067,Accept,2016-06-14 12:03:41.408,2016/06/14 12:03:41.408
153311,153311,459363,['Application_287203067'],2016/06/14 12:04:46.179,Existing loan takeover,New credit,75000.0,statechange,27000.0,False,120.0,['Offer_641203811'],User_8,763.67,Offer,OfferState_1369950104,False,0.0,75000.0,Application_287203067,Create offer,2016-06-14 12:04:46.179,2016/06/14 12:04:46.179
153312,153312,459365,['Application_287203067'],2016/06/14 12:06:19.450,Existing loan takeover,New credit,75000.0,statechange,0.0,False,126.0,['Offer_1159275058'],User_8,750.0,Offer,OfferState_1856084425,False,0.0,75000.0,Application_287203067,Create offer,2016-06-14 12:06:19.450,2016/06/14 12:06:19.450
153313,153313,459366,[],2016/06/14 12:23:56.568,Existing loan takeover,New credit,75000.0,statechange,0.0,False,126.0,['Offer_1159275058'],User_8,750.0,Offer,OfferState_169938139,False,0.0,75000.0,Application_287203067,Send (mail and online),2016-06-14 12:23:56.568,2016/06/14 12:23:56.568
153314,153314,459367,[],2016/06/14 12:23:56.570,Existing loan takeover,New credit,75000.0,statechange,0.0,False,126.0,['Offer_641203811'],User_8,750.0,Offer,OfferState_2002404087,False,0.0,75000.0,Application_287203067,Send (mail and online),2016-06-14 12:23:56.570,2016/06/14 12:23:56.570
153315,153315,459370,['Application_287203067'],2016/06/14 12:23:56.593,Existing loan takeover,New credit,75000.0,Obtained,0.0,False,126.0,['Offer_641203811'],User_8,750.0,Workflow,Workitem_20223534,False,0.0,75000.0,Application_287203067,Call,2016-06-14 12:23:56.593,2016/06/14 12:23:56.593
153316,153316,459373,['Application_287203067'],2016/06/14 18:31:31.035,Existing loan takeover,New credit,75000.0,statechange,0.0,False,126.0,['Offer_1159275058'],User_38,750.0,Offer,OfferState_1701917071,False,0.0,75000.0,Application_287203067,Cancel offer,2016-06-14 18:31:31.035,2016/06/14 18:31:31.035
153317,153317,459374,['Application_287203067'],2016/06/14 18:31:31.050,Existing loan takeover,New credit,75000.0,statechange,0.0,False,126.0,['Offer_641203811'],User_38,750.0,Offer,OfferState_1771346457,False,0.0,75000.0,Application_287203067,Cancel offer,2016-06-14 18:31:31.050,2016/06/14 18:31:31.050
153318,153318,459376,['Application_287203067'],2016/06/14 18:31:58.969,Existing loan takeover,New credit,75000.0,statechange,0.0,True,120.0,['Offer_1200762899'],User_38,488.75,Offer,OfferState_445385397,False,0.0,48000.0,Application_287203067,Create offer,2016-06-14 18:31:58.969,2016/06/14 18:31:58.969
153319,153319,459378,['Application_287203067'],2016/06/14 18:32:22.560,Existing loan takeover,New credit,75000.0,statechange,0.0,True,126.0,['Offer_1600802345'],User_38,480.0,Offer,OfferState_182056507,False,0.0,48000.0,Application_287203067,Create offer,2016-06-14 18:32:22.560,2016/06/14 18:32:22.560
153320,153320,459380,['Application_287203067'],2016/06/14 18:32:51.141,Existing loan takeover,New credit,75000.0,statechange,0.0,False,74.0,['Offer_678158358'],User_38,750.0,Offer,OfferState_809844330,False,0.0,48000.0,Application_287203067,Create offer,2016-06-14 18:32:51.141,2016/06/14 18:32:51.141
153321,153321,459382,['Application_287203067'],2016/06/14 18:34:05.144,Existing loan takeover,New credit,75000.0,statechange,0.0,False,72.0,['Offer_1380707812'],User_38,753.62,Offer,OfferState_1338965508,False,0.0,48000.0,Application_287203067,Create offer,2016-06-14 18:34:05.144,2016/06/14 18:34:05.144
153322,153322,459383,['Application_287203067'],2016/06/14 18:34:27.846,Existing loan takeover,New credit,75000.0,statechange,0.0,False,72.0,['Offer_1600802345'],User_38,753.62,Offer,OfferState_1162256633,False,0.0,48000.0,Application_287203067,Cancel offer,2016-06-14 18:34:27.846,2016/06/14 18:34:27.846
153323,153323,459384,['Application_287203067'],2016/06/14 18:34:27.875,Existing loan takeover,New credit,75000.0,statechange,0.0,False,72.0,['Offer_1200762899'],User_38,753.62,Offer,OfferState_399525727,False,0.0,48000.0,Application_287203067,Cancel offer,2016-06-14 18:34:27.875,2016/06/14 18:34:27.875
116873,116873,349247,[],2016/06/16 09:28:34.785,Existing loan takeover,New credit,15000.0,statechange,0.0,False,94.0,['Offer_339223029'],User_27,188.33,Offer,OfferState_364014300,False,0.0,15000.0,Application_1875888758,Return,2016-06-16 09:28:34.785,2016/06/16 09:28:34.785
116872,116872,349245,['Application_1875888758'],2016/06/16 09:24:37.844,Existing loan takeover,New credit,15000.0,Deleted,0.0,False,94.0,[],User_30,188.33,Workflow,Workitem_1054504792,False,0.0,15000.0,Application_1875888758,Validate,2016-06-20 11:56:12.823,2016/06/20 11:56:12.823
153324,153324,459388,['Application_287203067'],2016/06/27 17:38:19.408,Existing loan takeover,New credit,75000.0,statechange,2000.0,False,120.0,['Offer_1919504225'],User_61,763.67,Offer,OfferState_529425672,False,0.0,75000.0,Application_287203067,Create offer,2016-06-27 17:38:19.408,2016/06/27 17:38:19.408
153325,153325,459390,['Application_287203067'],2016/06/27 17:38:57.232,Existing loan takeover,New credit,75000.0,statechange,0.0,False,126.0,['Offer_1570822154'],User_61,750.0,Offer,OfferState_314744124,False,0.0,75000.0,Application_287203067,Create offer,2016-06-27 17:38:57.232,2016/06/27 17:38:57.232
153326,153326,459391,[],2016/06/27 17:41:16.776,Existing loan takeover,New credit,75000.0,statechange,0.0,False,126.0,['Offer_1570822154'],User_61,750.0,Offer,OfferState_1615239654,False,0.0,75000.0,Application_287203067,Send (mail and online),2016-06-27 17:41:16.776,2016/06/27 17:41:16.776
153327,153327,459392,[],2016/06/27 17:41:16.778,Existing loan takeover,New credit,75000.0,statechange,0.0,False,126.0,['Offer_1919504225'],User_61,750.0,Offer,OfferState_1434477082,False,0.0,75000.0,Application_287203067,Send (mail and online),2016-06-27 17:41:16.778,2016/06/27 17:41:16.778
116875,116875,349269,['Application_1875888758'],2016/06/29 16:42:56.002,Existing loan takeover,New credit,15000.0,statechange,33281.0,False,90.0,['Offer_1282810220'],User_3,905.49,Offer,OfferState_1791357699,False,0.0,70000.0,Application_1875888758,Create offer,2016-06-29 16:42:56.002,2016/06/29 16:42:56.002
116876,116876,349270,[],2016/06/29 16:43:11.118,Existing loan takeover,New credit,15000.0,statechange,33281.0,False,90.0,['Offer_1282810220'],User_3,905.49,Offer,OfferState_1503474590,False,0.0,70000.0,Application_1875888758,Send (mail and online),2016-06-29 16:43:11.118,2016/06/29 16:43:11.118
153328,153328,459395,['Application_287203067'],2016/06/29 08:03:03.233,Existing loan takeover,New credit,75000.0,Deleted,0.0,False,126.0,[],User_95,750.0,Workflow,Workitem_1008163466,False,0.0,75000.0,Application_287203067,Validate,2016-06-30 16:19:09.494,2016/06/30 16:19:09.494
153329,153329,459402,['Application_287203067'],2016/06/30 16:19:09.530,Existing loan takeover,New credit,75000.0,Obtained,0.0,False,126.0,[],User_95,750.0,Workflow,Workitem_1083530912,False,0.0,75000.0,Application_287203067,Call incomplete files,2016-06-30 16:19:09.530,2016/06/30 16:19:09.530
153330,153330,459411,['Application_287203067'],2016/07/01 15:13:19.850,Existing loan takeover,New credit,75000.0,Deleted,0.0,False,126.0,[],User_95,750.0,Workflow,Workitem_1802375658,False,0.0,75000.0,Application_287203067,Validate,2016-07-01 15:13:25.384,2016/07/01 15:13:25.384
153331,153331,459414,['Application_287203067'],2016/07/01 15:13:25.395,Existing loan takeover,New credit,75000.0,Obtained,0.0,False,126.0,[],User_95,750.0,Workflow,Workitem_1843157635,False,0.0,75000.0,Application_287203067,Call incomplete files,2016-07-01 15:13:25.395,2016/07/01 15:13:25.395
153332,153332,459419,['Application_287203067'],2016/07/01 16:57:21.169,Existing loan takeover,New credit,75000.0,statechange,1000.0,False,120.0,['Offer_2123064276'],User_39,753.49,Offer,OfferState_467939657,False,0.0,74000.0,Application_287203067,Create offer,2016-07-01 16:57:21.169,2016/07/01 16:57:21.169
153333,153333,459420,[],2016/07/01 16:57:41.371,Existing loan takeover,New credit,75000.0,statechange,1000.0,False,120.0,['Offer_2123064276'],User_39,753.49,Offer,OfferState_143614781,False,0.0,74000.0,Application_287203067,Send (mail and online),2016-07-01 16:57:41.371,2016/07/01 16:57:41.371
153334,153334,459423,['Application_287203067'],2016/07/01 17:23:41.377,Existing loan takeover,New credit,75000.0,statechange,0.0,True,120.0,['Offer_392169128'],User_28,743.3,Offer,OfferState_430335529,True,910.0,73000.0,Application_287203067,Create offer,2016-07-01 17:23:41.377,2016/07/01 17:23:41.377
153335,153335,459424,[],2016/07/01 17:24:02.160,Existing loan takeover,New credit,75000.0,statechange,0.0,True,120.0,['Offer_392169128'],User_28,743.3,Offer,OfferState_947469297,True,910.0,73000.0,Application_287203067,Send (online),2016-07-01 17:24:02.160,2016/07/01 17:24:02.160
116877,116877,349276,['Application_1875888758'],2016/07/07 17:38:01.944,Existing loan takeover,New credit,15000.0,statechange,35281.0,False,90.0,['Offer_1997884133'],User_41,931.36,Offer,OfferState_293699375,False,0.0,72000.0,Application_1875888758,Create offer,2016-07-07 17:38:01.944,2016/07/07 17:38:01.944
116878,116878,349277,[],2016/07/07 17:38:23.828,Existing loan takeover,New credit,15000.0,statechange,35281.0,False,90.0,['Offer_1997884133'],User_41,931.36,Offer,OfferState_787791269,False,0.0,72000.0,Application_1875888758,Send (mail and online),2016-07-07 17:38:23.828,2016/07/07 17:38:23.828
153336,153336,459433,['Application_287203067'],2016/07/25 11:43:52.993,Existing loan takeover,New credit,75000.0,Deleted,0.0,True,120.0,[],User_95,743.3,Workflow,Workitem_322778578,True,910.0,73000.0,Application_287203067,Validate,2016-07-28 10:00:22.420,2016/07/28 10:00:22.420
153337,153337,459442,['Application_287203067'],2016/07/28 10:00:22.434,Existing loan takeover,New credit,75000.0,Obtained,0.0,True,120.0,[],User_95,743.3,Workflow,Workitem_1763960006,True,910.0,73000.0,Application_287203067,Call incomplete files,2016-07-28 10:00:22.434,2016/07/28 10:00:22.434
153338,153338,459449,['Application_287203067'],2016/08/01 09:23:25.820,Existing loan takeover,New credit,75000.0,Obtained,0.0,True,120.0,[],User_4,743.3,Workflow,Workitem_992521580,True,910.0,73000.0,Application_287203067,Validate,2016-08-01 09:23:25.820,2016/08/01 09:23:25.820
153339,153339,459452,[],2016/08/01 09:58:04.410,Existing loan takeover,New credit,75000.0,statechange,0.0,True,120.0,['Offer_392169128'],User_68,743.3,Offer,OfferState_1959836412,True,910.0,73000.0,Application_287203067,Return,2016-08-01 09:58:04.410,2016/08/01 09:58:04.410
153340,153340,459455,['Application_287203067'],2016/08/01 10:04:11.556,Existing loan takeover,New credit,75000.0,Obtained,0.0,True,120.0,[],User_68,743.3,Workflow,Workitem_240292641,True,910.0,73000.0,Application_287203067,Call incomplete files,2016-08-01 10:04:11.556,2016/08/01 10:04:11.556
116879,116879,349290,['Application_1875888758'],2016/08/01 19:29:50.121,Existing loan takeover,New credit,15000.0,statechange,281.0,True,60.0,['Offer_1541920241'],User_54,683.44,Offer,OfferState_2067647949,True,818.0,37000.0,Application_1875888758,Create offer,2016-08-01 19:29:50.121,2016/08/01 19:29:50.121
116880,116880,349291,[],2016/08/01 19:32:46.441,Existing loan takeover,New credit,15000.0,statechange,281.0,True,60.0,['Offer_1541920241'],User_54,683.44,Offer,OfferState_1717973063,True,818.0,37000.0,Application_1875888758,Send (mail and online),2016-08-01 19:32:46.441,2016/08/01 19:32:46.441
153341,153341,459466,['Application_287203067'],2016/08/02 11:36:50.603,Existing loan takeover,New credit,75000.0,statechange,0.0,True,120.0,['Offer_392169128'],User_109,743.3,Offer,OfferState_1864733733,True,910.0,73000.0,Application_287203067,Accept offer,2016-08-02 11:36:50.603,2016/08/02 11:36:50.603
153342,153342,459467,['Application_287203067'],2016/08/02 11:36:50.615,Existing loan takeover,New credit,75000.0,statechange,0.0,True,120.0,[],User_109,743.3,Application,ApplState_984320657,True,910.0,73000.0,Application_287203067,Pending,2016-08-02 11:36:50.615,2016/08/02 11:36:50.615
153343,153343,459469,['Application_287203067'],2016/08/02 11:36:50.654,Existing loan takeover,New credit,75000.0,statechange,0.0,True,120.0,['Offer_2123064276'],User_109,743.3,Offer,OfferState_512937065,True,910.0,73000.0,Application_287203067,Cancel offer,2016-08-02 11:36:50.654,2016/08/02 11:36:50.654
153344,153344,459470,['Application_287203067'],2016/08/02 11:36:50.675,Existing loan takeover,New credit,75000.0,statechange,0.0,True,120.0,['Offer_1570822154'],User_109,743.3,Offer,OfferState_1435427970,True,910.0,73000.0,Application_287203067,Cancel offer,2016-08-02 11:36:50.675,2016/08/02 11:36:50.675
153345,153345,459471,['Application_287203067'],2016/08/02 11:36:50.685,Existing loan takeover,New credit,75000.0,statechange,0.0,True,120.0,['Offer_1919504225'],User_109,743.3,Offer,OfferState_352316712,True,910.0,73000.0,Application_287203067,Cancel offer,2016-08-02 11:36:50.685,2016/08/02 11:36:50.685
153346,153346,459472,['Application_287203067'],2016/08/02 11:36:50.695,Existing loan takeover,New credit,75000.0,statechange,0.0,True,120.0,['Offer_1380707812'],User_109,743.3,Offer,OfferState_5914359,True,910.0,73000.0,Application_287203067,Cancel offer,2016-08-02 11:36:50.695,2016/08/02 11:36:50.695
153347,153347,459473,['Application_287203067'],2016/08/02 11:36:50.710,Existing loan takeover,New credit,75000.0,statechange,0.0,True,120.0,['Offer_678158358'],User_109,743.3,Offer,OfferState_346641351,True,910.0,73000.0,Application_287203067,Cancel offer,2016-08-02 11:36:50.710,2016/08/02 11:36:50.710
116882,116882,349309,[],2016/08/30 14:20:39.965,Existing loan takeover,New credit,15000.0,statechange,281.0,True,60.0,['Offer_1541920241'],User_126,683.44,Offer,OfferState_1692489489,True,818.0,37000.0,Application_1875888758,Return,2016-08-30 14:20:39.965,2016/08/30 14:20:39.965
116883,116883,349315,['Application_1875888758'],2016/08/31 08:18:22.439,Existing loan takeover,New credit,15000.0,Obtained,281.0,True,60.0,[],User_30,683.44,Workflow,Workitem_1725627388,True,818.0,37000.0,Application_1875888758,Call incomplete files,2016-08-31 08:18:22.439,2016/08/31 08:18:22.439
116884,116884,349322,['Application_1875888758'],2016/09/07 09:58:51.605,Existing loan takeover,New credit,15000.0,Obtained,281.0,True,60.0,[],User_118,683.44,Workflow,Workitem_2079367228,True,818.0,37000.0,Application_1875888758,Validate,2016-09-07 09:58:51.605,2016/09/07 09:58:51.605
116881,116881,349307,['Application_1875888758'],2016/08/30 14:19:27.233,Existing loan takeover,New credit,15000.0,Deleted,281.0,True,60.0,[],User_30,683.44,Workflow,Workitem_88151222,True,818.0,37000.0,Application_1875888758,Validate,2016-09-07 13:03:52.664,2016/09/07 13:03:52.664
116885,116885,349333,['Application_1875888758'],2016/09/07 13:03:52.672,Existing loan takeover,New credit,15000.0,Obtained,281.0,True,60.0,[],User_30,683.44,Workflow,Workitem_1613575039,True,818.0,37000.0,Application_1875888758,Call incomplete files,2016-09-07 13:03:52.672,2016/09/07 13:03:52.672
116874,116874,349253,['Application_1875888758'],2016/06/20 11:56:12.837,Existing loan takeover,New credit,15000.0,Deleted,0.0,False,94.0,[],User_28,188.33,Workflow,Workitem_1752859506,False,0.0,15000.0,Application_1875888758,Call incomplete files,2016-09-08 11:19:45.205,2016/09/08 11:19:45.205
116886,116886,349338,['Application_1875888758'],2016/09/08 11:19:45.213,Existing loan takeover,New credit,15000.0,Obtained,281.0,True,60.0,[],User_28,683.44,Workflow,Workitem_1628659882,True,818.0,37000.0,Application_1875888758,Validate,2016-09-08 11:19:45.213,2016/09/08 11:19:45.213
116887,116887,349343,['Application_1875888758'],2016/09/08 11:35:58.417,Existing loan takeover,New credit,15000.0,Obtained,281.0,True,60.0,[],User_30,683.44,Workflow,Workitem_856131270,True,818.0,37000.0,Application_1875888758,Call incomplete files,2016-09-08 11:35:58.417,2016/09/08 11:35:58.417
116888,116888,349351,['Application_1875888758'],2016/09/09 18:51:13.401,Existing loan takeover,New credit,15000.0,statechange,681.0,True,60.0,['Offer_177129123'],User_15,690.83,Offer,OfferState_297709806,False,0.0,37400.0,Application_1875888758,Create offer,2016-09-09 18:51:13.401,2016/09/09 18:51:13.401
116889,116889,349352,[],2016/09/09 18:51:25.985,Existing loan takeover,New credit,15000.0,statechange,681.0,True,60.0,['Offer_177129123'],User_15,690.83,Offer,OfferState_1512873029,False,0.0,37400.0,Application_1875888758,Send (mail and online),2016-09-09 18:51:25.985,2016/09/09 18:51:25.985
116890,116890,349354,['Application_1875888758'],2016/09/09 19:16:31.548,Existing loan takeover,New credit,15000.0,statechange,681.0,True,60.0,['Offer_470588889'],User_15,690.83,Offer,OfferState_929961647,False,0.0,37400.0,Application_1875888758,Create offer,2016-09-09 19:16:31.548,2016/09/09 19:16:31.548
116891,116891,349355,[],2016/09/09 19:16:46.432,Existing loan takeover,New credit,15000.0,statechange,681.0,True,60.0,['Offer_470588889'],User_15,690.83,Offer,OfferState_2142168210,False,0.0,37400.0,Application_1875888758,Send (online),2016-09-09 19:16:46.432,2016/09/09 19:16:46.432
116892,116892,349360,['Application_1875888758'],2016/09/14 15:48:27.188,Existing loan takeover,New credit,15000.0,Obtained,681.0,True,60.0,[],User_133,690.83,Workflow,Workitem_994842999,False,0.0,37400.0,Application_1875888758,Validate,2016-09-14 15:48:27.188,2016/09/14 15:48:27.188
116893,116893,349363,['Application_1875888758'],2016/09/14 16:19:09.819,Existing loan takeover,New credit,15000.0,statechange,681.0,True,60.0,['Offer_1541920241'],User_109,690.83,Offer,OfferState_114395909,False,0.0,37400.0,Application_1875888758,Accept offer,2016-09-14 16:19:09.819,2016/09/14 16:19:09.819
116894,116894,349364,['Application_1875888758'],2016/09/14 16:19:09.823,Existing loan takeover,New credit,15000.0,statechange,681.0,True,60.0,[],User_109,690.83,Application,ApplState_1147584112,False,0.0,37400.0,Application_1875888758,Pending,2016-09-14 16:19:09.823,2016/09/14 16:19:09.823
116895,116895,349366,['Application_1875888758'],2016/09/14 16:19:09.835,Existing loan takeover,New credit,15000.0,statechange,681.0,True,60.0,['Offer_470588889'],User_109,690.83,Offer,OfferState_923276400,False,0.0,37400.0,Application_1875888758,Cancel offer,2016-09-14 16:19:09.835,2016/09/14 16:19:09.835
116896,116896,349367,['Application_1875888758'],2016/09/14 16:19:09.843,Existing loan takeover,New credit,15000.0,statechange,681.0,True,60.0,['Offer_177129123'],User_109,690.83,Offer,OfferState_561769147,False,0.0,37400.0,Application_1875888758,Cancel offer,2016-09-14 16:19:09.843,2016/09/14 16:19:09.843
116897,116897,349368,['Application_1875888758'],2016/09/14 16:19:09.850,Existing loan takeover,New credit,15000.0,statechange,681.0,True,60.0,['Offer_1997884133'],User_109,690.83,Offer,OfferState_780336830,False,0.0,37400.0,Application_1875888758,Cancel offer,2016-09-14 16:19:09.850,2016/09/14 16:19:09.850
116898,116898,349369,['Application_1875888758'],2016/09/14 16:19:09.857,Existing loan takeover,New credit,15000.0,statechange,681.0,True,60.0,['Offer_1282810220'],User_109,690.83,Offer,OfferState_556965935,False,0.0,37400.0,Application_1875888758,Cancel offer,2016-09-14 16:19:09.857,2016/09/14 16:19:09.857
116899,116899,349370,['Application_1875888758'],2016/09/14 16:19:09.865,Existing loan takeover,New credit,15000.0,statechange,681.0,True,60.0,['Offer_339223029'],User_109,690.83,Offer,OfferState_964745856,False,0.0,37400.0,Application_1875888758,Cancel offer,2016-09-14 16:19:09.865,2016/09/14 16:19:09.865
116900,116900,349371,['Application_1875888758'],2016/09/14 16:19:09.877,Existing loan takeover,New credit,15000.0,statechange,681.0,True,60.0,['Offer_1487443645'],User_109,690.83,Offer,OfferState_1275372005,False,0.0,37400.0,Application_1875888758,Cancel offer,2016-09-14 16:19:09.877,2016/09/14 16:19:09.877
288612,288612,852583,['Application_1867093856'],2016/09/27 12:26:04.231,Existing loan takeover,New credit,0.0,Created,,,,[],User_60,,Application,Application_1867093856,,,,Application_1867093856,Create application,2016-09-27 12:26:04.231,2016/09/27 12:26:04.231
288614,288614,852587,['Application_1867093856'],2016/09/27 12:30:08.741,Existing loan takeover,New credit,0.0,statechange,,,,[],User_60,,Application,ApplState_277347391,,,,Application_1867093856,Accept,2016-09-27 12:30:08.741,2016/09/27 12:30:08.741
288615,288615,852589,['Application_1867093856'],2016/09/27 12:32:35.418,Existing loan takeover,New credit,0.0,statechange,0.0,False,43.0,['Offer_574233572'],User_60,502.82,Offer,OfferState_866409065,False,0.0,20000.0,Application_1867093856,Create offer,2016-09-27 12:32:35.418,2016/09/27 12:32:35.418
288616,288616,852591,['Application_1867093856'],2016/09/27 12:33:38.876,Existing loan takeover,New credit,0.0,statechange,0.0,False,95.0,['Offer_356670945'],User_60,248.89,Offer,OfferState_1216035080,False,0.0,20000.0,Application_1867093856,Create offer,2016-09-27 12:33:38.876,2016/09/27 12:33:38.876
288617,288617,852592,[],2016/09/27 12:34:37.447,Existing loan takeover,New credit,0.0,statechange,0.0,False,95.0,['Offer_356670945'],User_60,248.89,Offer,OfferState_1145369796,False,0.0,20000.0,Application_1867093856,Send (mail and online),2016-09-27 12:34:37.447,2016/09/27 12:34:37.447
288618,288618,852593,[],2016/09/27 12:34:37.449,Existing loan takeover,New credit,0.0,statechange,0.0,False,95.0,['Offer_574233572'],User_60,248.89,Offer,OfferState_1780607998,False,0.0,20000.0,Application_1867093856,Send (mail and online),2016-09-27 12:34:37.449,2016/09/27 12:34:37.449
288613,288613,852585,['Application_1867093856'],2016/09/27 12:26:04.242,Existing loan takeover,New credit,0.0,Deleted,,,,[],User_60,,Workflow,Workitem_1340426681,,,,Application_1867093856,Complete,2016-09-27 12:34:37.459,2016/09/27 12:34:37.459
288619,288619,852595,['Application_1867093856'],2016/09/27 12:34:37.467,Existing loan takeover,New credit,0.0,Obtained,0.0,False,95.0,['Offer_574233572'],User_60,248.89,Workflow,Workitem_1359995927,False,0.0,20000.0,Application_1867093856,Call,2016-09-27 12:34:37.467,2016/09/27 12:34:37.467
288620,288620,852598,['Application_1867093856'],2016/09/27 12:45:06.077,Existing loan takeover,New credit,0.0,statechange,0.0,False,95.0,['Offer_725759836'],User_60,248.89,Offer,OfferState_304403445,False,0.0,20000.0,Application_1867093856,Create offer,2016-09-27 12:45:06.077,2016/09/27 12:45:06.077
288621,288621,852599,[],2016/09/27 12:45:17.205,Existing loan takeover,New credit,0.0,statechange,0.0,False,95.0,['Offer_725759836'],User_60,248.89,Offer,OfferState_1226891001,False,0.0,20000.0,Application_1867093856,Send (online),2016-09-27 12:45:17.205,2016/09/27 12:45:17.205
288622,288622,852601,['Application_1867093856'],2016/09/27 12:45:34.712,Existing loan takeover,New credit,0.0,statechange,0.0,False,43.0,['Offer_1075553081'],User_60,502.82,Offer,OfferState_1019760894,False,0.0,20000.0,Application_1867093856,Create offer,2016-09-27 12:45:34.712,2016/09/27 12:45:34.712
288623,288623,852602,[],2016/09/27 12:45:48.844,Existing loan takeover,New credit,0.0,statechange,0.0,False,43.0,['Offer_1075553081'],User_60,502.82,Offer,OfferState_349243808,False,0.0,20000.0,Application_1867093856,Send (online),2016-09-27 12:45:48.844,2016/09/27 12:45:48.844
288624,288624,852607,['Application_1867093856'],2016/10/03 14:48:15.334,Existing loan takeover,New credit,0.0,statechange,0.0,False,96.0,['Offer_2118807923'],User_60,250.0,Offer,OfferState_80774857,False,0.0,20000.0,Application_1867093856,Create offer,2016-10-03 14:48:15.334,2016/10/03 14:48:15.334
288625,288625,852609,['Application_1867093856'],2016/10/03 14:48:38.659,Existing loan takeover,New credit,0.0,statechange,0.0,False,44.0,['Offer_1760603485'],User_60,500.0,Offer,OfferState_404644538,False,0.0,20000.0,Application_1867093856,Create offer,2016-10-03 14:48:38.659,2016/10/03 14:48:38.659
288626,288626,852610,[],2016/10/03 14:49:20.361,Existing loan takeover,New credit,0.0,statechange,0.0,False,44.0,['Offer_1760603485'],User_60,500.0,Offer,OfferState_442413026,False,0.0,20000.0,Application_1867093856,Send (online),2016-10-03 14:49:20.361,2016/10/03 14:49:20.361
288627,288627,852611,[],2016/10/03 14:49:20.363,Existing loan takeover,New credit,0.0,statechange,0.0,False,44.0,['Offer_2118807923'],User_60,500.0,Offer,OfferState_766655319,False,0.0,20000.0,Application_1867093856,Send (online),2016-10-03 14:49:20.363,2016/10/03 14:49:20.363
288628,288628,852613,['Application_1867093856'],2016/10/10 15:48:48.530,Existing loan takeover,New credit,0.0,statechange,0.0,False,50.0,['Offer_695837640'],User_51,500.0,Offer,OfferState_296874123,False,0.0,22500.0,Application_1867093856,Create offer,2016-10-10 15:48:48.530,2016/10/10 15:48:48.530
288629,288629,852614,[],2016/10/10 15:49:44.479,Existing loan takeover,New credit,0.0,statechange,0.0,False,50.0,['Offer_695837640'],User_51,500.0,Offer,OfferState_1166875232,False,0.0,22500.0,Application_1867093856,Send (mail and online),2016-10-10 15:49:44.479,2016/10/10 15:49:44.479
288631,288631,852619,[],2016/10/24 10:32:41.938,Existing loan takeover,New credit,0.0,statechange,0.0,False,50.0,['Offer_695837640'],User_113,500.0,Offer,OfferState_195857924,False,0.0,22500.0,Application_1867093856,Return,2016-10-24 10:32:41.938,2016/10/24 10:32:41.938
288630,288630,852617,['Application_1867093856'],2016/10/24 10:32:27.817,Existing loan takeover,New credit,0.0,Deleted,0.0,False,50.0,[],User_113,500.0,Workflow,Workitem_2117613870,False,0.0,22500.0,Application_1867093856,Validate,2016-10-24 10:37:10.555,2016/10/24 10:37:10.555
288632,288632,852621,['Application_1867093856'],2016/10/24 10:37:10.561,Existing loan takeover,New credit,0.0,Obtained,0.0,False,50.0,[],User_113,500.0,Workflow,Workitem_1671095474,False,0.0,22500.0,Application_1867093856,Call incomplete files,2016-10-24 10:37:10.561,2016/10/24 10:37:10.561
288633,288633,852630,['Application_1867093856'],2016/10/27 10:27:15.149,Existing loan takeover,New credit,0.0,Deleted,0.0,False,50.0,[],User_83,500.0,Workflow,Workitem_294274250,False,0.0,22500.0,Application_1867093856,Validate,2016-10-31 12:48:31.105,2016/10/31 12:48:31.105
288634,288634,852637,['Application_1867093856'],2016/10/31 12:48:31.114,Existing loan takeover,New credit,0.0,Obtained,0.0,False,50.0,[],User_83,500.0,Workflow,Workitem_1600848673,False,0.0,22500.0,Application_1867093856,Call incomplete files,2016-10-31 12:48:31.114,2016/10/31 12:48:31.114
288635,288635,852646,['Application_1867093856'],2016/11/01 09:42:42.050,Existing loan takeover,New credit,0.0,Obtained,0.0,False,50.0,[],User_123,500.0,Workflow,Workitem_603115595,False,0.0,22500.0,Application_1867093856,Validate,2016-11-01 09:42:42.050,2016/11/01 09:42:42.050
288636,288636,852651,['Application_1867093856'],2016/11/01 13:41:01.501,Existing loan takeover,New credit,0.0,Obtained,0.0,False,50.0,[],User_29,500.0,Workflow,Workitem_1119769064,False,0.0,22500.0,Application_1867093856,Call incomplete files,2016-11-01 13:41:01.501,2016/11/01 13:41:01.501
288637,288637,852664,['Application_1867093856'],2016/11/01 16:50:16.100,Existing loan takeover,New credit,0.0,statechange,0.0,True,120.0,['Offer_1502788630'],User_2,231.17,Offer,OfferState_1974787300,False,0.0,22500.0,Application_1867093856,Create offer,2016-11-01 16:50:16.100,2016/11/01 16:50:16.100
288638,288638,852665,[],2016/11/01 16:50:43.780,Existing loan takeover,New credit,0.0,statechange,0.0,True,120.0,['Offer_1502788630'],User_2,231.17,Offer,OfferState_988957621,False,0.0,22500.0,Application_1867093856,Send (online),2016-11-01 16:50:43.780,2016/11/01 16:50:43.780
288639,288639,852666,['Application_1867093856'],2016/11/01 16:55:08.218,Existing loan takeover,New credit,0.0,statechange,0.0,True,120.0,['Offer_1502788630'],User_2,231.17,Offer,OfferState_1524859554,False,0.0,22500.0,Application_1867093856,Cancel offer,2016-11-01 16:55:08.218,2016/11/01 16:55:08.218
288640,288640,852668,['Application_1867093856'],2016/11/01 16:56:27.335,Existing loan takeover,New credit,0.0,statechange,0.0,True,120.0,['Offer_1489160699'],User_2,231.17,Offer,OfferState_561409773,True,711.0,22500.0,Application_1867093856,Create offer,2016-11-01 16:56:27.335,2016/11/01 16:56:27.335
288641,288641,852669,[],2016/11/01 16:56:39.569,Existing loan takeover,New credit,0.0,statechange,0.0,True,120.0,['Offer_1489160699'],User_2,231.17,Offer,OfferState_1166394505,True,711.0,22500.0,Application_1867093856,Send (mail and online),2016-11-01 16:56:39.569,2016/11/01 16:56:39.569
288642,288642,852679,[],2016/11/02 14:49:54.857,Existing loan takeover,New credit,0.0,statechange,0.0,True,120.0,['Offer_1489160699'],User_118,231.17,Offer,OfferState_690024942,True,711.0,22500.0,Application_1867093856,Return,2016-11-02 14:49:54.857,2016/11/02 14:49:54.857
288643,288643,852682,['Application_1867093856'],2016/11/02 14:50:03.520,Existing loan takeover,New credit,0.0,Obtained,0.0,True,120.0,[],User_118,231.17,Workflow,Workitem_1909336669,True,711.0,22500.0,Application_1867093856,Validate,2016-11-02 14:50:03.520,2016/11/02 14:50:03.520
288644,288644,852685,['Application_1867093856'],2016/11/02 16:01:11.319,Existing loan takeover,New credit,0.0,statechange,0.0,True,120.0,['Offer_1489160699'],User_29,231.17,Offer,OfferState_1618215402,True,711.0,22500.0,Application_1867093856,Accept offer,2016-11-02 16:01:11.319,2016/11/02 16:01:11.319
288645,288645,852686,['Application_1867093856'],2016/11/02 16:01:11.323,Existing loan takeover,New credit,0.0,statechange,0.0,True,120.0,[],User_29,231.17,Application,ApplState_2045938772,True,711.0,22500.0,Application_1867093856,Pending,2016-11-02 16:01:11.323,2016/11/02 16:01:11.323
288646,288646,852688,['Application_1867093856'],2016/11/02 16:01:11.566,Existing loan takeover,New credit,0.0,statechange,0.0,True,120.0,['Offer_695837640'],User_29,231.17,Offer,OfferState_1706151514,True,711.0,22500.0,Application_1867093856,Cancel offer,2016-11-02 16:01:11.566,2016/11/02 16:01:11.566
288647,288647,852689,['Application_1867093856'],2016/11/02 16:01:11.574,Existing loan takeover,New credit,0.0,statechange,0.0,True,120.0,['Offer_1760603485'],User_29,231.17,Offer,OfferState_1084951999,True,711.0,22500.0,Application_1867093856,Cancel offer,2016-11-02 16:01:11.574,2016/11/02 16:01:11.574
288648,288648,852690,['Application_1867093856'],2016/11/02 16:01:11.582,Existing loan takeover,New credit,0.0,statechange,0.0,True,120.0,['Offer_2118807923'],User_29,231.17,Offer,OfferState_1108410496,True,711.0,22500.0,Application_1867093856,Cancel offer,2016-11-02 16:01:11.582,2016/11/02 16:01:11.582
288649,288649,852691,['Application_1867093856'],2016/11/02 16:01:11.593,Existing loan takeover,New credit,0.0,statechange,0.0,True,120.0,['Offer_1075553081'],User_29,231.17,Offer,OfferState_1331678337,True,711.0,22500.0,Application_1867093856,Cancel offer,2016-11-02 16:01:11.593,2016/11/02 16:01:11.593
288650,288650,852692,['Application_1867093856'],2016/11/02 16:01:11.602,Existing loan takeover,New credit,0.0,statechange,0.0,True,120.0,['Offer_725759836'],User_29,231.17,Offer,OfferState_409154003,True,711.0,22500.0,Application_1867093856,Cancel offer,2016-11-02 16:01:11.602,2016/11/02 16:01:11.602
288651,288651,852693,['Application_1867093856'],2016/11/02 16:01:11.609,Existing loan takeover,New credit,0.0,statechange,0.0,True,120.0,['Offer_356670945'],User_29,231.17,Offer,OfferState_632126150,True,711.0,22500.0,Application_1867093856,Cancel offer,2016-11-02 16:01:11.609,2016/11/02 16:01:11.609
288652,288652,852694,['Application_1867093856'],2016/11/02 16:01:11.616,Existing loan takeover,New credit,0.0,statechange,0.0,True,120.0,['Offer_574233572'],User_29,231.17,Offer,OfferState_1400741815,True,711.0,22500.0,Application_1867093856,Cancel offer,2016-11-02 16:01:11.616,2016/11/02 16:01:11.616
351757,351757,1035654,['Application_1193197506'],2016/11/19 14:21:03.613,Home improvement,New credit,35000.0,Created,,,,[],User_1,,Application,Application_1193197506,,,,Application_1193197506,Create application,2016-11-19 14:21:03.613,2016/11/19 14:21:03.613
351758,351758,1035655,['Application_1193197506'],2016/11/19 14:21:04.737,Home improvement,New credit,35000.0,statechange,,,,[],User_1,,Application,ApplState_603946442,,,,Application_1193197506,Submit,2016-11-19 14:21:04.737,2016/11/19 14:21:04.737
351759,351759,1035660,['Application_1193197506'],2016/11/22 08:58:50.875,Home improvement,New credit,35000.0,Obtained,,,,[],User_24,,Workflow,Workitem_1369731307,,,,Application_1193197506,Complete,2016-11-22 08:58:50.875,2016/11/22 08:58:50.875
351760,351760,1035662,['Application_1193197506'],2016/11/22 10:11:11.110,Home improvement,New credit,35000.0,statechange,,,,[],User_28,,Application,ApplState_127236416,,,,Application_1193197506,Accept,2016-11-22 10:11:11.110,2016/11/22 10:11:11.110
351761,351761,1035664,['Application_1193197506'],2016/11/22 10:19:24.029,Home improvement,New credit,35000.0,statechange,0.0,False,126.0,['Offer_1054988321'],User_28,350.0,Offer,OfferState_1827685541,False,0.0,35000.0,Application_1193197506,Create offer,2016-11-22 10:19:24.029,2016/11/22 10:19:24.029
351762,351762,1035666,['Application_1193197506'],2016/11/22 10:19:54.635,Home improvement,New credit,35000.0,statechange,12416.0,False,120.0,['Offer_1820481244'],User_28,356.38,Offer,OfferState_1736893605,False,0.0,35000.0,Application_1193197506,Create offer,2016-11-22 10:19:54.635,2016/11/22 10:19:54.635
351763,351763,1035667,[],2016/11/22 10:20:07.541,Home improvement,New credit,35000.0,statechange,12416.0,False,120.0,['Offer_1820481244'],User_28,356.38,Offer,OfferState_1067415253,False,0.0,35000.0,Application_1193197506,Send (mail and online),2016-11-22 10:20:07.541,2016/11/22 10:20:07.541
351764,351764,1035668,[],2016/11/22 10:20:07.543,Home improvement,New credit,35000.0,statechange,12416.0,False,120.0,['Offer_1054988321'],User_28,356.38,Offer,OfferState_1555178270,False,0.0,35000.0,Application_1193197506,Send (mail and online),2016-11-22 10:20:07.543,2016/11/22 10:20:07.543
351765,351765,1035671,['Application_1193197506'],2016/11/22 10:20:07.562,Home improvement,New credit,35000.0,Obtained,12416.0,False,120.0,['Offer_1054988321'],User_28,356.38,Workflow,Workitem_985917715,False,0.0,35000.0,Application_1193197506,Call,2016-11-22 10:20:07.562,2016/11/22 10:20:07.562
351766,351766,1035674,['Application_1193197506'],2016/11/22 10:21:21.264,Home improvement,New credit,35000.0,statechange,2416.0,False,120.0,['Offer_991093204'],User_28,254.56,Offer,OfferState_1260629210,False,0.0,25000.0,Application_1193197506,Create offer,2016-11-22 10:21:21.264,2016/11/22 10:21:21.264
351767,351767,1035675,[],2016/11/22 10:30:07.287,Home improvement,New credit,35000.0,statechange,2416.0,False,120.0,['Offer_991093204'],User_28,254.56,Offer,OfferState_905282795,False,0.0,25000.0,Application_1193197506,Send (mail and online),2016-11-22 10:30:07.287,2016/11/22 10:30:07.287
351768,351768,1035678,['Application_1193197506'],2016/11/22 16:37:52.488,Home improvement,New credit,35000.0,statechange,0.0,False,126.0,['Offer_855918851'],User_26,350.0,Offer,OfferState_368259393,False,0.0,35000.0,Application_1193197506,Create offer,2016-11-22 16:37:52.488,2016/11/22 16:37:52.488
351769,351769,1035680,['Application_1193197506'],2016/11/22 16:38:49.460,Home improvement,New credit,35000.0,statechange,12416.0,False,120.0,['Offer_1517201258'],User_26,356.38,Offer,OfferState_849143451,False,0.0,35000.0,Application_1193197506,Create offer,2016-11-22 16:38:49.460,2016/11/22 16:38:49.460
351770,351770,1035682,['Application_1193197506'],2016/11/22 16:39:31.019,Home improvement,New credit,35000.0,statechange,2416.0,False,120.0,['Offer_1302395376'],User_26,254.56,Offer,OfferState_196326756,False,0.0,25000.0,Application_1193197506,Create offer,2016-11-22 16:39:31.019,2016/11/22 16:39:31.019
351771,351771,1035683,[],2016/11/22 16:39:54.151,Home improvement,New credit,35000.0,statechange,2416.0,False,120.0,['Offer_1302395376'],User_26,254.56,Offer,OfferState_1278966230,False,0.0,25000.0,Application_1193197506,Send (mail and online),2016-11-22 16:39:54.151,2016/11/22 16:39:54.151
351772,351772,1035684,[],2016/11/22 16:39:54.153,Home improvement,New credit,35000.0,statechange,2416.0,False,120.0,['Offer_1517201258'],User_26,254.56,Offer,OfferState_1633139418,False,0.0,25000.0,Application_1193197506,Send (mail and online),2016-11-22 16:39:54.153,2016/11/22 16:39:54.153
351773,351773,1035685,[],2016/11/22 16:39:54.154,Home improvement,New credit,35000.0,statechange,2416.0,False,120.0,['Offer_855918851'],User_26,254.56,Offer,OfferState_1519993533,False,0.0,25000.0,Application_1193197506,Send (mail and online),2016-11-22 16:39:54.154,2016/11/22 16:39:54.154
351775,351775,1035692,[],2016/11/30 11:28:16.865,Home improvement,New credit,35000.0,statechange,2416.0,False,120.0,['Offer_1302395376'],User_123,254.56,Offer,OfferState_560335551,False,0.0,25000.0,Application_1193197506,Return,2016-11-30 11:28:16.865,2016/11/30 11:28:16.865
351774,351774,1035690,['Application_1193197506'],2016/11/30 11:27:45.424,Home improvement,New credit,35000.0,Deleted,2416.0,False,120.0,[],User_123,254.56,Workflow,Workitem_1060479693,False,0.0,25000.0,Application_1193197506,Validate,2016-11-30 11:30:43.906,2016/11/30 11:30:43.906
351776,351776,1035694,['Application_1193197506'],2016/11/30 11:30:43.914,Home improvement,New credit,35000.0,Obtained,2416.0,False,120.0,[],User_123,254.56,Workflow,Workitem_175246400,False,0.0,25000.0,Application_1193197506,Call incomplete files,2016-11-30 11:30:43.914,2016/11/30 11:30:43.914
351778,351778,1035714,['Application_1193197506'],2016/12/05 10:05:04.220,Home improvement,New credit,35000.0,Obtained,2416.0,False,120.0,[],User_83,254.56,Workflow,Workitem_1527827881,False,0.0,25000.0,Application_1193197506,Call incomplete files,2016-12-05 10:05:04.220,2016/12/05 10:05:04.220
351779,351779,1035732,['Application_1193197506'],2016/12/08 13:36:44.551,Home improvement,New credit,35000.0,Obtained,2416.0,False,120.0,[],User_122,254.56,Workflow,Workitem_144047700,False,0.0,25000.0,Application_1193197506,Validate,2016-12-08 13:36:44.551,2016/12/08 13:36:44.551
351780,351780,1035737,['Application_1193197506'],2016/12/09 08:01:40.322,Home improvement,New credit,35000.0,Obtained,2416.0,False,120.0,[],User_83,254.56,Workflow,Workitem_791969972,False,0.0,25000.0,Application_1193197506,Call incomplete files,2016-12-09 08:01:40.322,2016/12/09 08:01:40.322
351781,351781,1035745,['Application_1193197506'],2016/12/09 12:30:53.412,Home improvement,New credit,35000.0,statechange,2416.0,False,120.0,['Offer_1631738307'],User_28,254.56,Offer,OfferState_1739117766,True,846.0,25000.0,Application_1193197506,Create offer,2016-12-09 12:30:53.412,2016/12/09 12:30:53.412
351782,351782,1035746,['Application_1193197506'],2016/12/09 12:31:20.955,Home improvement,New credit,35000.0,statechange,2416.0,False,120.0,['Offer_1517201258'],User_28,254.56,Offer,OfferState_849887070,True,846.0,25000.0,Application_1193197506,Cancel offer,2016-12-09 12:31:20.955,2016/12/09 12:31:20.955
351783,351783,1035747,['Application_1193197506'],2016/12/09 12:31:20.977,Home improvement,New credit,35000.0,statechange,2416.0,False,120.0,['Offer_855918851'],User_28,254.56,Offer,OfferState_525315519,True,846.0,25000.0,Application_1193197506,Cancel offer,2016-12-09 12:31:20.977,2016/12/09 12:31:20.977
351784,351784,1035748,['Application_1193197506'],2016/12/09 12:31:20.995,Home improvement,New credit,35000.0,statechange,2416.0,False,120.0,['Offer_991093204'],User_28,254.56,Offer,OfferState_1481430997,True,846.0,25000.0,Application_1193197506,Cancel offer,2016-12-09 12:31:20.995,2016/12/09 12:31:20.995
351785,351785,1035749,['Application_1193197506'],2016/12/09 12:31:21.012,Home improvement,New credit,35000.0,statechange,2416.0,False,120.0,['Offer_1820481244'],User_28,254.56,Offer,OfferState_1155646281,True,846.0,25000.0,Application_1193197506,Cancel offer,2016-12-09 12:31:21.012,2016/12/09 12:31:21.012
351786,351786,1035750,['Application_1193197506'],2016/12/09 12:31:21.029,Home improvement,New credit,35000.0,statechange,2416.0,False,120.0,['Offer_1054988321'],User_28,254.56,Offer,OfferState_415809113,True,846.0,25000.0,Application_1193197506,Cancel offer,2016-12-09 12:31:21.029,2016/12/09 12:31:21.029
351787,351787,1035751,[],2016/12/09 12:32:56.074,Home improvement,New credit,35000.0,statechange,2416.0,False,120.0,['Offer_1631738307'],User_28,254.56,Offer,OfferState_51710201,True,846.0,25000.0,Application_1193197506,Send (online),2016-12-09 12:32:56.074,2016/12/09 12:32:56.074
351788,351788,1035752,[],2016/12/10 14:03:54.363,Home improvement,New credit,35000.0,statechange,2416.0,False,120.0,['Offer_1631738307'],User_122,254.56,Offer,OfferState_1561723469,True,846.0,25000.0,Application_1193197506,Return,2016-12-10 14:03:54.363,2016/12/10 14:03:54.363
351789,351789,1035755,['Application_1193197506'],2016/12/10 14:04:54.318,Home improvement,New credit,35000.0,Obtained,2416.0,False,120.0,[],User_122,254.56,Workflow,Workitem_1386119984,True,846.0,25000.0,Application_1193197506,Validate,2016-12-10 14:04:54.318,2016/12/10 14:04:54.318
351777,351777,1035707,['Application_1193197506'],2016/12/02 12:11:08.672,Home improvement,New credit,35000.0,Deleted,2416.0,False,120.0,[],User_83,254.56,Workflow,Workitem_1623131808,False,0.0,25000.0,Application_1193197506,Validate,2016-12-12 09:29:42.333,2016/12/12 09:29:42.333
351790,351790,1035766,['Application_1193197506'],2016/12/12 09:29:42.342,Home improvement,New credit,35000.0,Obtained,2416.0,False,120.0,[],User_83,254.56,Workflow,Workitem_2086731665,True,846.0,25000.0,Application_1193197506,Call incomplete files,2016-12-12 09:29:42.342,2016/12/12 09:29:42.342
351791,351791,1035775,['Application_1193197506'],2016/12/12 17:29:51.157,Home improvement,New credit,35000.0,Obtained,2416.0,False,120.0,[],User_41,254.56,Workflow,Workitem_2067800322,True,846.0,25000.0,Application_1193197506,Validate,2016-12-12 17:29:51.157,2016/12/12 17:29:51.157
351792,351792,1035778,['Application_1193197506'],2016/12/13 12:07:17.820,Home improvement,New credit,35000.0,statechange,2416.0,False,120.0,['Offer_1631738307'],User_87,254.56,Offer,OfferState_1791919886,True,846.0,25000.0,Application_1193197506,Accept offer,2016-12-13 12:07:17.820,2016/12/13 12:07:17.820
351793,351793,1035779,['Application_1193197506'],2016/12/13 12:07:17.823,Home improvement,New credit,35000.0,statechange,2416.0,False,120.0,[],User_87,254.56,Application,ApplState_675223113,True,846.0,25000.0,Application_1193197506,Pending,2016-12-13 12:07:17.823,2016/12/13 12:07:17.823
351794,351794,1035781,['Application_1193197506'],2016/12/13 12:07:17.834,Home improvement,New credit,35000.0,statechange,2416.0,False,120.0,['Offer_1302395376'],User_87,254.56,Offer,OfferState_831042134,True,846.0,25000.0,Application_1193197506,Cancel offer,2016-12-13 12:07:17.834,2016/12/13 12:07:17.834
